Date,Domestic Visitors,Foreign Visitors,kerala flights: (Worldwide),kerala buses: (Worldwide),buses to kerala: (Worldwide),cars to kerala: (Worldwide),trains to kerala: (Worldwide),kerala trains: (Worldwide),kerala cars: (Worldwide),kerala bus booking: (Worldwide),kerala bus timings: (Worldwide),kerala train booking: (Worldwide),kerala train timings: (Worldwide),kerala flight booking: (Worldwide),flights in kerala: (Worldwide),kerala airport: (Worldwide),flights near kerala: (Worldwide),Total Transport,temperature_2m (Ã‚Â°C),relativehumidity_2m (%),rain (mm),snowfall (cm),windspeed_10m (km/h),rain (mm)_sum,snowfall (cm)_sum
03-01-2010,160938,34.35426009,15,51,0,0,14,29,38,33,0,91,0,0,0,69,0,340,26.8,79.26,0,0,5.49,0.25,0
10-01-2010,160983,35.08520179,33,0,0,0,18,0,0,20,28,0,0,0,0,68,0,167,26.45,79.02,0.26,0,5.36,43.15,0
17-01-2010,161032,54.8206278,39,0,0,0,18,33,73,60,0,58,0,0,0,0,21,302,26.84,80.12,0.02,0,5.44,3.65,0
24-01-2010,213925,38.73991031,91,18,16,73,0,16,41,25,19,0,0,0,0,41,0,340,26.69,72.89,0,0,6.33,0.4,0
07-02-2010,138798,33.99642857,18,45,17,0,31,46,0,62,46,0,20,100,0,29,0,414,27.61,66.85,0,0,7.18,0.2,0
14-02-2010,138708,31.01428571,13,23,0,0,0,36,0,22,0,0,0,0,0,28,0,122,27.92,72.22,0,0,6.33,0,0
21-02-2010,138732,89.46428571,29,0,0,44,54,96,100,95,19,0,0,0,0,17,0,454,28.51,74.25,0,0,6.17,0.7,0
28-02-2010,184410,12.525,41,64,34,49,63,41,0,27,25,0,0,0,0,40,0,384,28.55,76.75,0.02,0,5.82,2.6,0
07-03-2010,146850,126.0576923,39,59,17,100,42,40,0,0,0,0,40,0,35,98,0,470,28.49,74.29,0.03,0,8.82,4.95,0
14-03-2010,146810,72.98076923,36,0,0,0,32,41,0,0,59,0,0,0,0,44,0,212,29.37,73.58,0.01,0,7.59,1,0
21-03-2010,146825,145.9615385,34,87,0,0,58,82,0,31,24,49,68,0,33,50,100,616,29.3,72.59,0.02,0,7.23,3.4,0
28-03-2010,195478,0,54,0,0,0,52,30,79,78,25,0,34,44,32,45,0,473,29.1,76.93,0.08,0,7.39,13.35,0
04-04-2010,150092,149.3273543,47,37,30,0,38,68,39,42,44,37,17,33,0,29,22,483,28.52,81.73,0.16,0,8.1,26.95,0
11-04-2010,150039,114.9820628,23,56,0,0,63,61,44,31,23,0,26,0,23,15,0,365,28.44,82.38,0.18,0,6.06,29.45,0
18-04-2010,149941,128.4215247,0,30,24,52,33,59,0,18,20,45,0,0,40,45,0,366,28.61,83.25,0.19,0,6.48,32.15,0
25-04-2010,199481,273.2690583,0,62,0,0,28,19,0,48,49,0,0,0,0,29,0,235,28.52,83.91,0.17,0,7.74,28.2,0
02-05-2010,168659,164.7146172,43,31,0,0,100,87,0,0,50,0,47,0,59,27,78,522,28.2,84.74,0.33,0,5.52,54.95,0
09-05-2010,168608,121.9211137,0,58,0,0,21,16,56,46,62,0,41,72,0,72,0,444,28.63,84.76,0.19,0,7.13,32.35,0
16-05-2010,168633,215.5823666,37,0,0,38,23,61,52,0,73,0,0,0,43,29,27,383,28.63,86.07,0.19,0,8.18,32.7,0
23-05-2010,224410,193.7819026,42,26,21,0,13,41,82,28,100,0,0,0,0,39,0,392,27.25,89.84,0.56,0,8.35,93.35,0
06-06-2010,131562,165.3983051,37,18,17,0,16,14,0,34,36,0,21,0,25,73,0,291,27.35,88.06,0.42,0,11.14,70.55,0
13-06-2010,131485,100.379661,59,38,17,0,25,36,29,0,40,0,0,0,0,26,0,270,25.73,91.81,1.45,0,13.63,243,0
20-06-2010,131467,197.3372881,33,0,0,0,32,47,0,0,21,0,21,0,0,43,0,197,26.55,89.32,0.44,0,7.16,73.75,0
27-06-2010,175110,209.8847458,33,27,0,0,0,36,0,27,22,0,0,0,67,61,0,273,26.2,90,0.79,0,11.3,133.45,0
04-07-2010,127471,171.7378641,33,0,27,0,47,57,0,0,29,0,44,0,59,50,20,366,25.76,90.9,0.89,0,10.91,149.7,0
11-07-2010,127575,219.9449838,31,0,18,0,32,29,0,0,28,32,0,0,0,75,0,245,26.44,86.91,0.34,0,10.71,56.85,0
18-07-2010,127509,296.2729234,37,0,21,0,21,29,0,30,15,0,0,0,0,80,0,233,25.77,89.9,0.7,0,11.31,117.5,0
25-07-2010,169607,243.0442287,52,27,0,0,0,37,0,39,0,0,0,33,0,23,0,211,25.73,89.27,0.41,0,12.08,69,0
01-08-2010,135307,308.3159722,28,0,0,0,40,36,0,0,0,100,33,44,61,25,26,393,25.43,90.66,0.41,0,12.17,68.85,0
08-08-2010,135272,330.8506944,67,32,0,0,47,40,0,62,44,0,62,0,54,63,0,471,25.95,89.04,0.3,0,12.2,50,0
15-08-2010,135248,258.125,0,18,0,0,0,27,54,37,44,0,100,34,0,12,0,326,25.83,89.26,0.75,0,14.58,125.6,0
22-08-2010,179831,282.7083333,33,23,0,0,0,26,0,0,33,0,0,0,84,37,0,236,25.3,90.1,0.58,0,13.01,97.15,0
05-09-2010,140758,283.1609712,32,46,54,0,33,36,56,100,30,0,0,0,49,33,0,469,25.86,87.85,0.23,0,10.83,39.2,0
12-09-2010,140634,229.6178058,61,22,0,0,66,42,0,0,0,36,18,0,40,53,0,338,25.76,89.35,0.46,0,9.62,78,0
19-09-2010,140628,311.9919065,37,32,23,0,28,39,0,0,0,0,0,0,20,57,0,236,25.5,90.45,0.52,0,10.06,87.3,0
26-09-2010,187107,320.2293165,100,32,19,0,16,22,0,0,0,27,42,0,59,42,0,359,26.36,87.32,0.42,0,6.54,70.15,0
03-10-2010,170564,399.8963134,15,23,16,0,34,24,0,29,0,32,27,0,0,100,0,300,26.02,89.37,0.48,0,6.91,81.25,0
10-10-2010,170525,407.016129,12,34,0,0,19,42,89,63,35,0,15,0,0,16,29,354,25.66,91.24,0.68,0,9.26,114.45,0
17-10-2010,170556,351.2442396,35,15,0,0,0,33,49,35,68,0,0,0,91,32,0,358,26.07,87.48,0.19,0,9.07,31.4,0
24-10-2010,226608,386.843318,80,28,0,0,45,56,0,24,43,0,14,0,34,47,0,371,25.99,87.35,0.19,0,8.66,31.8,0
07-11-2010,167843,402.996299,69,50,28,0,0,47,0,0,0,0,0,0,56,25,0,275,25.91,89.26,0.24,0,6.43,39.5,0
14-11-2010,167800,437.5070318,34,28,14,0,43,59,0,20,0,0,18,41,31,72,0,360,26.04,88.1,0.27,0,5.58,45.35,0
21-11-2010,167890,369.5988157,20,28,54,0,35,36,0,49,0,0,13,0,0,58,0,293,25.53,89.07,0.59,0,4.87,99.85,0
28-11-2010,223299,293.8978534,31,33,40,0,47,39,23,27,17,33,14,38,0,39,0,381,24.86,92.2,0.67,0,4.08,112.95,0
05-12-2010,188973,508.2326733,59,18,0,0,51,61,0,0,16,40,42,0,22,15,0,324,25.42,89.56,0.4,0,4.36,67.85,0
12-12-2010,188951,421.3451202,41,45,32,0,0,19,44,69,64,0,17,0,0,53,0,384,25.43,86.99,0.26,0,6.7,43.65,0
19-12-2010,188961,329.6966054,52,73,29,0,40,34,0,21,0,0,0,0,32,49,0,330,25.63,83.15,0.06,0,5.33,9.6,0
26-12-2010,251644,423.7256011,35,36,43,41,37,72,50,0,54,0,0,0,30,31,0,429,25.91,81.46,0.01,0,4.98,0.95,0
02-01-2011,179373,0,65,0,15,0,32,43,0,29,22,0,0,0,0,23,0,229,25.89,82.46,0.07,0,5.7,12.1,0
09-01-2011,179514,0,61,0,0,0,25,0,0,45,20,36,25,0,31,59,0,302,26.43,80.81,0.03,0,5.33,5.5,0
16-01-2011,179485,0,34,0,0,0,38,76,0,0,43,0,0,0,0,49,16,256,26.2,79.8,0.02,0,5.26,3.05,0
23-01-2011,238692,0,66,36,0,0,35,40,0,0,25,45,0,0,59,60,0,366,26.26,73.76,0.01,0,6.4,0.85,0
06-02-2011,156089,4.280254777,44,27,25,0,29,78,0,29,19,0,0,0,61,38,0,350,27.28,69.02,0,0,6.59,0.05,0
13-02-2011,156199,6.955414013,42,20,0,42,15,16,61,0,21,0,0,0,0,20,0,237,27.03,72.36,0.02,0,6.69,4.2,0
20-02-2011,156207,1.337579618,33,100,29,0,32,33,22,0,20,0,0,0,0,23,0,292,27.09,72.57,0,0,8.83,0,0
27-02-2011,207832,8.426751592,25,36,15,0,19,42,0,0,0,0,25,57,29,37,0,285,26.62,81.28,0.2,0,5.18,33.75,0
06-03-2011,158560,1.074380165,15,0,0,0,20,26,0,0,57,0,39,0,100,24,0,281,27.68,73.75,0,0,5.73,0.5,0
13-03-2011,158545,0.925619835,28,28,0,0,15,0,0,0,15,60,14,0,0,25,0,185,28.18,74.07,0.01,0,7.17,1.85,0
20-03-2011,158633,0,34,21,0,0,63,27,0,47,29,0,20,0,0,33,18,292,28.27,71.05,0.01,0,6.85,1.45,0
27-03-2011,211007,0,25,0,22,53,28,37,59,21,0,0,15,0,22,31,0,313,28.36,76.13,0.17,0,8.6,28.9,0
03-04-2011,166855,0,29,21,12,55,20,32,0,0,33,0,35,0,0,57,0,294,27.57,83.74,0.22,0,6.88,37.15,0
10-04-2011,166982,0,32,29,23,0,42,41,0,46,0,0,22,26,0,34,0,295,27.85,79.89,0.09,0,7.16,14.3,0
17-04-2011,166856,0,25,23,0,0,56,100,0,61,19,0,0,0,0,24,0,308,27.48,82.73,0.23,0,5.41,39.15,0
24-04-2011,221804,0,0,40,49,0,22,16,0,55,23,25,0,81,0,33,0,344,26.41,88.47,0.99,0,5.35,166.05,0
01-05-2011,190548,0,0,41,24,0,45,67,0,35,15,68,17,0,0,41,0,353,27.56,85.51,0.2,0,7.85,33.7,0
08-05-2011,190575,0,20,35,100,0,19,50,0,19,20,0,24,0,24,49,19,379,27.71,85.36,0.25,0,10.79,42.1,0
15-05-2011,190530,0,33,41,0,0,30,36,0,56,15,67,32,22,17,45,0,394,27.71,81.76,0.08,0,7.15,13.55,0
22-05-2011,253335,0,25,57,0,53,31,58,18,43,17,0,0,0,35,0,0,337,27.54,85.9,0.3,0,5.68,49.75,0
05-06-2011,151033,0,48,14,0,0,42,15,0,19,27,0,30,56,0,0,0,251,26.08,91.51,1.34,0,10.36,224.45,0
12-06-2011,151032,0,24,27,25,0,11,41,0,22,0,0,59,0,0,42,34,285,26.67,89.16,0.4,0,8.65,67,0
19-06-2011,151038,0,41,55,45,0,17,63,24,0,0,51,29,0,78,54,0,457,26.1,90.01,0.48,0,12.85,81.35,0
26-06-2011,200813,0,25,16,0,29,42,44,24,0,0,0,29,26,0,45,0,280,26.44,87.85,0.29,0,13.63,48.3,0
03-07-2011,148582,31.25,34,0,28,0,24,22,0,14,0,74,65,0,25,40,0,326,26.42,86.77,0.21,0,12.47,35.75,0
10-07-2011,148721,4.017857143,46,0,0,0,43,56,44,41,0,37,35,0,0,42,39,383,25.92,89.23,0.72,0,11.95,120.25,0
17-07-2011,148749,18.75,20,0,30,0,30,55,0,23,0,0,0,0,37,36,0,231,25.22,91.22,0.89,0,12,149.6,0
24-07-2011,197754,20.98214286,43,0,0,24,19,25,0,24,0,51,35,0,20,54,0,295,25.69,89.77,0.55,0,11.03,92.5,0
07-08-2011,166263,0,28,20,20,0,33,36,0,41,18,0,70,34,29,9,0,338,25.61,90.42,0.64,0,9.88,108.15,0
14-08-2011,166302,0,26,35,0,0,0,39,55,14,15,25,0,0,93,47,0,349,25.73,89.23,0.54,0,11.15,91.5,0
21-08-2011,166352,0,42,65,27,0,23,38,0,36,15,0,30,0,0,23,0,299,25.56,89.03,0.73,0,11.44,122.55,0
28-08-2011,221046,0,67,36,31,87,22,31,0,34,36,0,0,55,44,60,0,503,25.67,89.44,0.6,0,9.75,100.1,0
04-09-2011,172599,24.84375,29,24,21,0,32,58,0,45,32,0,0,36,16,52,17,362,25.3,91.15,0.97,0,9.7,163.35,0
11-09-2011,172538,30.703125,18,18,26,27,26,47,0,28,13,24,19,0,0,38,0,284,25.76,90.04,0.7,0,10.1,118,0
18-09-2011,172549,8.90625,39,0,0,0,53,46,17,25,0,49,43,48,0,61,24,405,25.43,90.28,0.81,0,10.28,135.45,0
25-09-2011,229626,25.546875,64,16,0,0,32,51,0,0,0,31,13,0,36,37,20,300,26.19,86.45,0.26,0,8.39,44.5,0
02-10-2011,220217,11.55,24,19,29,0,31,40,0,90,47,0,43,0,30,60,0,413,26.89,82.45,0.01,0,10.69,2.25,0
09-10-2011,220210,75.6,51,11,15,30,29,29,0,38,26,31,35,0,0,41,0,336,27.03,80.51,0.01,0,10.04,1.4,0
16-10-2011,220227,7.35,24,26,35,0,30,24,0,0,24,24,30,0,0,51,12,280,27.11,82.24,0.16,0,6.22,26.1,0
23-10-2011,292976,10.5,44,47,13,0,36,42,0,12,0,22,39,0,22,28,0,305,26.79,84.41,0.19,0,4.89,32.75,0
06-11-2011,210972,68.33333333,37,0,31,0,45,61,34,39,0,0,51,0,0,34,0,332,25.62,90.37,0.5,0,4.59,84.7,0
13-11-2011,210955,20.41125541,35,17,0,0,34,63,21,30,17,0,31,0,0,61,16,325,26.28,80.82,0.06,0,5.3,10,0
20-11-2011,210917,52.35930736,41,28,13,0,34,64,25,38,0,23,27,0,26,24,0,343,27.06,80.7,0.01,0,5.28,1.95,0
27-11-2011,280698,63.8961039,24,48,38,0,26,39,0,0,0,27,44,0,0,57,13,316,26.12,83.77,0.5,0,8.71,84.4,0
04-12-2011,245209,129.8865672,26,0,0,0,57,57,0,0,0,0,0,19,23,25,0,207,26.3,86.93,0.15,0,3.82,24.8,0
11-12-2011,245238,12.37014925,44,34,0,30,28,0,0,33,18,21,29,0,33,40,0,310,26.61,80.3,0.01,0,5.1,2.1,0
18-12-2011,245215,68.0358209,21,38,19,0,61,53,0,19,15,0,19,31,0,38,14,328,26.76,78.52,0,0,5.57,0.2,0
25-12-2011,326003,85.70746269,21,19,72,34,45,44,46,37,36,0,20,0,0,29,30,433,26.03,76.71,0.01,0,5.83,1.4,0
01-01-2012,191933,3324.866639,30,32,33,0,67,40,0,22,0,0,16,0,56,48,31,375,25.81,80.12,0.29,0,8.53,48.1,0
08-01-2012,192017,3321.555019,25,58,17,0,29,0,0,53,20,55,21,0,31,19,0,328,26.36,80.88,0,0,5.83,0.2,0
15-01-2012,192070,3248.699375,22,18,34,0,35,39,0,16,21,0,10,55,0,16,0,266,26.18,79.77,0.03,0,5.91,5.05,0
22-01-2012,255457,3356.878967,11,37,13,38,34,41,0,23,12,0,29,0,24,45,0,307,25.37,74.74,0.01,0,6.13,1.35,0
05-02-2012,164406,1175.318447,29,68,38,0,55,67,21,0,0,32,17,72,46,29,0,474,26.73,69.87,0,0,6.86,0.15,0
12-02-2012,164391,1147.806311,27,0,16,0,43,43,0,33,0,0,35,39,18,30,0,284,27.33,78.54,0.06,0,5.98,10.8,0
19-02-2012,164457,1093.882524,25,31,17,0,28,74,0,0,19,21,20,0,37,52,0,324,27.51,74.4,0,0,6.55,0.45,0
26-02-2012,218645,1116.992718,9,23,0,0,27,82,21,0,16,0,31,0,35,36,0,280,27.63,69.21,0,0,7.3,0,0
04-03-2012,168085,824.0954822,17,0,18,0,45,77,0,28,35,0,52,0,43,38,18,371,28.12,70.49,0,0,8.26,0.8,0
11-03-2012,168058,864.5549503,12,21,20,0,32,52,47,0,0,0,12,0,0,43,0,239,27.72,73.65,0.03,0,10.1,4.3,0
18-03-2012,168101,910.3380327,27,25,13,0,36,27,0,0,0,0,33,0,0,36,0,197,27.98,78.14,0.06,0,5.42,10.3,0
25-03-2012,223598,724.0115348,22,23,13,0,44,59,0,13,24,37,16,0,0,46,0,297,28.37,76.75,0.02,0,7.23,2.9,0
01-04-2012,175533,0.167741935,21,27,16,0,36,51,0,13,13,79,46,0,30,21,29,382,27.99,77.64,0.13,0,7.06,22,0
08-04-2012,175627,0.116129032,25,0,0,24,52,63,0,37,0,0,29,40,26,36,0,332,28.18,79.34,0.13,0,7.14,21.65,0
15-04-2012,175494,0.812903226,29,24,11,0,44,44,18,0,0,29,21,31,15,34,0,300,28.11,81.27,0.12,0,5.69,20.95,0
22-04-2012,233626,0.903225806,31,12,17,21,49,55,34,37,13,48,35,17,23,31,29,452,28.46,80.67,0.16,0,8.61,27.45,0
06-05-2012,206297,0,43,45,19,0,44,46,0,30,30,32,42,0,0,0,0,331,27.18,85.67,0.5,0,9.05,83.2,0
13-05-2012,206394,0,30,33,38,54,64,87,0,25,37,0,18,0,27,16,17,446,27.39,85.3,0.28,0,9.73,47.2,0
20-05-2012,206349,0,31,13,35,0,41,0,0,35,33,0,40,35,0,40,0,303,27.94,86.13,0.13,0,9.74,22.65,0
27-05-2012,274422,0.00E+00,25,35,27,0,30,48,70,52,21,34,26,32,0,21,0,421,27.49,85.91,0.22,0,9.94,36.3,0
03-06-2012,160673,0,53,20,30,39,48,75,0,49,27,56,17,26,75,56,0,571,27.59,85.68,0.22,0,13.05,37.7,0
10-06-2012,160695,0,29,20,0,0,41,39,25,13,33,0,13,0,20,29,0,262,26.67,88.83,0.49,0,11.58,81.9,0
17-06-2012,160722,0,58,27,30,0,48,49,0,15,30,28,40,0,32,21,0,378,25.68,91.02,1.08,0,10.13,182.2,0
24-06-2012,213807,0,48,17,0,0,35,39,19,11,0,22,13,0,0,46,0,250,25.88,89.27,0.29,0,11.33,49.15,0
01-07-2012,156842,0,43,24,25,0,50,61,0,31,24,0,44,0,25,41,0,368,25.76,88.91,0.53,0,11.77,89.8,0
08-07-2012,156819,0,33,40,37,0,45,61,0,0,46,0,19,0,14,38,0,333,26.01,87.89,0.41,0,13.21,68.6,0
15-07-2012,156862,0,35,36,0,25,27,60,0,19,18,0,25,33,29,71,0,378,25.7,89.31,0.65,0,13.62,109.6,0
22-07-2012,208692,0,46,33,26,0,44,49,27,11,42,31,47,26,56,43,0,481,26.13,88.59,0.25,0,12.77,41.25,0
05-08-2012,179520,0,37,26,22,0,67,70,24,22,32,27,32,0,39,62,0,460,26.32,87.27,0.15,0,10.79,25.15,0
12-08-2012,179587,0,28,40,40,0,51,47,0,52,46,0,42,0,0,38,0,384,25.55,89.9,0.79,0,7.95,133.55,0
19-08-2012,179553,0,37,67,42,0,63,72,55,12,16,0,33,41,33,33,18,522,25.68,89.54,0.61,0,10.84,102.95,0
26-08-2012,238900,0,40,49,29,0,48,72,14,35,0,32,0,0,38,70,0,427,25.98,87.67,0.44,0,8.97,74.35,0
02-09-2012,188108,0,35,0,14,0,47,64,0,13,13,20,74,44,31,40,15,410,25.27,90.96,0.74,0,9.63,124.15,0
09-09-2012,188131,0,44,27,31,0,50,57,0,0,10,0,31,17,23,74,0,364,25.99,88.82,0.34,0,9.38,57.9,0
16-09-2012,188077,0,48,12,0,0,59,68,0,30,25,0,27,0,0,51,0,320,25.95,88.44,0.29,0,9.5,48.7,0
23-09-2012,250264,0,50,0,0,0,50,36,26,11,32,31,18,0,25,39,13,331,26.8,83.46,0.03,0,8.38,4.4,0
07-10-2012,244393,0.00E+00,38,41,21,0,49,60,0,0,26,22,0,19,19,58,0,353,27.01,82.68,0.06,0,6.67,10.35,0
14-10-2012,244397,0,38,26,28,0,18,51,14,11,10,17,17,0,30,38,11,309,26.8,85.82,0.3,0,7.28,51,0
21-10-2012,244463,0,27,41,35,23,40,42,14,0,14,17,15,0,33,63,10,374,25.76,89.99,0.66,0,4.4,111.3,0
28-10-2012,325277,0,44,30,25,0,48,53,17,31,9,24,17,0,32,32,0,362,26.38,87.74,0.3,0,4.34,49.7,0
04-11-2012,231541,0,50,0,15,0,44,51,0,24,0,0,21,32,20,61,13,331,25.94,87.72,0.25,0,7.16,41.95,0
11-11-2012,231555,0,21,0,0,0,31,48,0,36,17,22,9,0,0,19,0,203,26.41,84.82,0.15,0,4.32,25.25,0
18-11-2012,231551,0,35,20,9,0,42,51,0,15,15,28,38,0,34,61,0,348,26.47,84.04,0.02,0,4.65,3.5,0
25-11-2012,307910,0,32,24,0,0,40,57,0,27,11,0,23,29,45,35,0,323,26.62,83.97,0.18,0,5.5,30.7,0
02-12-2012,259447,0,30,0,14,0,48,59,0,44,47,18,26,17,26,54,9,392,26.51,81.11,0,0,5.25,0.5,0
09-12-2012,259541,0,36,24,20,0,44,58,0,33,24,17,57,0,15,45,0,373,27.19,80.34,0.01,0,5.55,1.3,0
16-12-2012,259534,0,33,57,41,0,66,75,17,67,20,30,43,0,0,40,0,489,26.59,77.05,0,0,5.89,0.35,0
23-12-2012,345033,0,43,27,18,0,55,62,13,47,25,33,23,0,28,39,0,413,27.02,73.82,0.01,0,6.91,0.95,0
06-01-2013,27717,2960.059758,48,34,53,0,43,53,24,15,15,0,60,41,48,58,0,492,27.35,79.05,0.01,0,5.53,1.95,0
13-01-2013,27703,3027.406729,46,51,53,40,53,44,0,42,42,0,14,67,0,47,0,499,26.7,78.08,0.05,0,5.76,7.8,0
20-01-2013,27746,2951.507761,0,18,16,0,35,30,46,15,15,0,16,80,17,40,0,328,26.49,71.04,0,0,6.65,0,0
27-01-2013,36699,2975.025751,46,19,0,0,13,17,37,10,10,25,0,0,22,25,0,224,27.23,68.92,0,0,6.75,0,0
03-02-2013,29512,2287.43237,37,35,47,92,17,9,0,8,8,25,27,0,51,42,0,398,27.33,67.51,0,0,7.18,0.05,0
10-02-2013,29366,2391.014214,38,29,39,0,51,51,0,14,14,0,13,0,0,46,0,295,27.47,75.62,0.02,0,6.21,4,0
17-02-2013,29422,2401.803989,45,0,0,0,43,43,0,10,10,13,27,0,0,39,0,230,27.93,74.93,0.13,0,6.55,21.15,0
24-02-2013,38853,2332.749427,49,35,64,0,56,57,0,13,13,13,16,0,0,29,0,345,27.33,76.09,0.06,0,6.35,9.9,0
03-03-2013,21484,3455.998754,34,40,22,0,34,43,25,17,17,19,32,0,26,38,0,347,27.79,70.81,0,0,6.78,0.05,0
10-03-2013,21567,3524.94636,41,33,26,0,36,41,20,19,19,0,36,0,36,23,0,330,28.28,76.65,0.12,0,5.27,20.35,0
17-03-2013,21522,3466.771818,56,30,13,0,78,62,0,26,26,0,41,0,29,41,0,402,28.09,80.06,0.11,0,5.19,17.75,0
24-03-2013,28602,3390.283067,45,29,18,0,47,40,0,22,22,0,37,0,16,20,0,296,28.45,77.4,0.03,0,6.16,4.8,0
07-04-2013,16674,4476.566278,7,26,27,0,73,51,30,16,16,20,67,21,0,31,0,385,29.41,75.74,0.02,0,10.31,3.3,0
14-04-2013,16791,4492.684495,29,40,0,34,31,34,19,10,10,0,15,0,12,31,0,265,29.04,79.49,0.1,0,7.08,16.05,0
21-04-2013,16651,4516.324548,44,0,18,0,48,59,0,15,15,0,85,46,46,22,0,398,28.87,75.16,0.04,0,11.63,6.7,0
28-04-2013,22325,4575.424679,14,26,32,0,60,51,27,15,15,0,51,0,30,30,0,351,28.93,77.95,0.12,0,6.74,20.55,0
05-05-2013,8389,3487.845494,44,45,24,0,51,47,38,33,33,100,40,0,24,14,0,493,28.55,82.9,0.22,0,8.22,37.1,0
12-05-2013,8450,3481.366524,27,89,36,0,37,69,31,9,9,0,47,28,27,41,0,450,27.9,84.19,0.51,0,9.34,86.4,0
19-05-2013,8335,3498.643777,29,39,56,0,37,26,0,16,16,0,19,0,17,35,0,290,28,80.94,0.14,0,9.99,24,0
26-05-2013,11128,3370.144206,17,20,0,0,19,62,87,20,20,0,10,0,0,24,0,279,27.3,86.6,0.39,0,8.93,65.7,0
02-06-2013,7885,3110.227646,46,36,44,0,59,63,46,28,28,0,0,0,0,33,0,383,26.16,89.22,0.77,0,10.64,129.25,0
09-06-2013,7859,3226.63001,29,27,12,0,37,46,43,18,18,0,60,34,24,32,100,480,25.51,91.87,1.06,0,12.07,177.25,0
16-06-2013,7848,3223.366393,32,33,37,0,71,60,0,12,12,17,47,27,0,30,0,378,25.48,90.92,0.88,0,14.87,147.15,0
23-06-2013,10306,3141.775951,50,22,11,59,43,43,75,0,0,19,71,0,41,42,0,476,24.96,91.8,1.42,0,14.38,237.75,0
07-07-2013,11277,2130.204642,33,0,22,0,44,60,25,20,20,20,61,0,0,23,0,328,25.59,88.83,0.45,0,13.48,75.45,0
14-07-2013,11161,2161.108061,30,56,0,0,43,45,0,0,0,0,0,0,14,30,0,218,25.11,89.9,0.76,0,13.87,127.8,0
21-07-2013,11187,2135.532818,47,41,37,0,66,58,0,8,8,25,46,0,28,36,14,414,25.13,90.63,0.67,0,13.1,112.75,0
28-07-2013,14952,2113.15448,48,47,53,0,55,48,0,16,16,0,30,0,46,38,0,397,25.25,89.51,0.5,0,11.9,84.5,0
04-08-2013,16154,1782.797309,52,43,43,0,38,69,24,33,33,34,53,29,32,74,0,557,25.74,89.33,0.78,0,13.26,131.2,0
11-08-2013,16164,1891.174045,33,44,39,0,38,37,45,22,22,0,48,25,0,34,0,387,25.12,89.57,0.5,0,14.05,84.7,0
18-08-2013,16069,1944.278646,48,40,22,0,34,52,75,22,22,0,64,94,32,39,31,575,25.38,89.14,0.22,0,10.05,36.3,0
25-08-2013,21522,1872.75,44,49,26,0,52,63,0,23,23,20,40,0,18,44,0,402,25.89,87.09,0.2,0,12.03,33.1,0
01-09-2013,12508,1988.887318,59,0,27,0,71,86,0,43,43,13,42,33,38,36,0,491,26.43,86.21,0.09,0,11.96,15.75,0
08-09-2013,12512,1946.992796,43,14,29,0,89,55,0,23,23,0,50,47,13,46,0,432,25.4,89.88,0.7,0,7.97,117.3,0
15-09-2013,12548,2104.648498,45,18,29,0,58,66,0,11,11,0,56,0,26,42,0,362,25.15,91.49,0.71,0,9.64,119.45,0
22-09-2013,16677,2070.471388,46,51,11,0,62,68,0,7,7,0,41,43,25,37,0,398,25.7,90.64,0.71,0,12.96,119.35,0
06-10-2013,16511,2129.040341,66,57,44,0,48,55,0,27,27,27,37,0,14,30,0,432,26.13,85.23,0.11,0,8.7,17.9,0
13-10-2013,16547,2084.330494,50,0,11,0,52,55,55,28,28,0,0,46,37,31,0,393,26.03,88.15,0.24,0,8.46,40.25,0
20-10-2013,16456,2116.266099,71,40,46,0,58,61,0,13,13,0,33,45,61,40,0,481,25.93,88.3,0.8,0,8.15,134.95,0
27-10-2013,22084,2167.363067,45,29,42,0,72,76,41,27,27,36,48,0,0,42,0,485,26.25,86.62,0.11,0,7.1,18.95,0
03-11-2013,20286,2387.249,33,47,0,0,70,48,0,12,12,0,15,0,33,45,0,315,26.52,85.67,0.12,0,4.71,20.5,0
10-11-2013,20303,2426.893619,47,24,17,93,46,62,40,17,17,0,17,0,26,53,0,459,26.85,84.04,0.06,0,4.63,9.75,0
17-11-2013,20233,2475.110049,47,47,63,35,65,70,0,11,11,35,56,0,49,51,0,540,26.02,87,0.26,0,5.13,43.7,0
24-11-2013,26898,2349.747332,62,0,19,0,50,65,28,22,22,0,29,0,21,48,0,366,26.22,87.57,0.2,0,4.25,33.9,0
01-12-2013,24923,2680.978563,44,0,0,0,65,67,18,31,31,19,17,46,40,40,0,418,26.36,86.15,0.18,0,4.42,30.05,0
08-12-2013,25043,2583.312811,58,46,16,0,41,57,46,24,24,0,44,48,48,32,0,484,26.36,84.63,0.09,0,4.86,14.9,0
15-12-2013,25038,2735.714315,42,28,19,33,30,28,57,33,33,44,34,27,24,29,0,461,26.25,83.76,0.07,0,7.07,10.95,0
22-12-2013,33479,2563.994311,38,0,12,0,56,68,0,20,20,0,53,0,0,53,0,320,26.05,77.33,0,0,5.94,0.7,0
05-01-2014,230073,2987.391835,38,31,15,36,39,44,19,0,0,0,0,24,23,37,0,306,26.42,72.24,0,0,6.46,0,0
12-01-2014,230200,2915.870483,52,0,0,0,52,44,21,26,26,41,39,68,25,43,0,437,26.74,76.1,0.02,0,6.1,3.6,0
19-01-2014,230190,2936.776725,35,75,34,0,49,57,0,24,24,10,24,30,0,82,13,457,27.12,74.21,0.04,0,6.14,6.35,0
26-01-2014,306145,2883.960957,33,0,0,0,49,56,47,24,24,12,20,21,0,53,0,339,27.22,68.69,0.01,0,7.88,1.2,0
02-02-2014,194531,2288.307873,41,26,0,0,42,38,20,18,18,27,44,0,36,39,0,349,27.22,67.91,0,0,7.16,0,0
09-02-2014,194662,2246.310693,32,43,39,0,42,34,47,20,20,22,33,0,0,41,0,373,26.95,69.74,0,0,6.91,0,0
16-02-2014,194625,2379.840188,34,14,20,0,45,55,35,10,10,0,24,0,25,31,0,303,27.09,74.81,0.02,0,6.04,4,0
23-02-2014,258747,2249.541246,34,42,15,33,51,64,17,14,14,13,38,27,0,50,0,412,27.63,76.82,0.05,0,5.62,8.5,0
02-03-2014,195351,3394.268704,42,27,12,0,51,52,17,14,14,11,36,28,15,8,0,327,28.11,74.37,0.07,0,6.2,11.5,0
09-03-2014,195350,3386.744992,48,50,44,28,49,69,0,13,13,15,20,0,28,28,0,405,28.12,76.26,0.05,0,5.66,8.95,0
16-03-2014,195302,3394.268704,35,29,0,41,71,66,0,6,6,14,0,54,41,37,0,400,28.71,66.31,0,0,7.89,0,0
23-03-2014,259872,3400.7176,48,19,17,53,86,67,67,26,26,13,42,0,18,20,0,502,28.87,75.13,0.06,0,6.63,10.7,0
06-04-2014,204179,3925.989851,31,43,20,0,70,79,30,38,38,20,67,25,0,28,0,489,28.9,78.71,0.08,0,7.16,13.35,0
13-04-2014,204149,3845.583177,36,84,54,0,46,51,16,36,36,0,31,23,17,38,0,468,28.1,82.34,0.22,0,6.89,37.45,0
20-04-2014,204167,3859.520334,25,37,33,0,60,58,0,34,34,0,38,0,52,36,21,428,28.2,83.09,0.15,0,7.32,24.8,0
27-04-2014,271614,3790.906639,28,34,41,0,61,84,0,27,27,28,39,43,0,30,0,442,28.63,82.88,0.12,0,6.29,19.9,0
04-05-2014,252664,3199.527837,39,53,29,24,61,87,28,38,38,61,50,0,15,27,0,550,27.89,84.96,0.43,0,5.96,71.95,0
11-05-2014,252666,3138.625879,54,35,32,0,52,57,0,14,14,0,18,47,46,26,0,395,26.79,89.33,1,0,8.41,167.8,0
18-05-2014,252658,3161.464113,33,58,42,0,56,74,21,38,38,41,45,42,35,33,0,556,28.37,80.82,0.06,0,10.39,10.2,0
25-05-2014,336098,3334.382171,43,64,32,47,60,59,0,29,29,19,24,55,20,61,0,542,27.81,86.11,0.28,0,6.94,47.55,0
01-06-2014,184184,3022.21347,47,26,0,0,64,61,38,31,31,29,58,0,0,41,0,426,27.83,86.9,0.31,0,6.95,51.75,0
08-06-2014,184234,2919.245704,51,35,18,0,53,53,27,21,21,0,28,24,0,43,21,395,26.51,90.5,0.88,0,9.71,147.45,0
15-06-2014,184212,2844.758384,59,23,24,0,47,55,0,19,19,21,29,0,43,64,0,403,26.68,88.83,0.41,0,12.37,68.5,0
22-06-2014,245217,3005.782443,41,32,13,0,85,71,0,11,11,22,24,66,37,44,15,472,26.65,89.15,0.35,0,14.4,58.3,0
06-07-2014,179651,2220.848964,44,39,50,0,59,76,0,18,18,40,28,43,0,84,44,543,26.08,90.23,0.52,0,13.33,88.1,0
13-07-2014,179666,2094.351871,46,15,36,0,70,64,88,25,25,0,11,0,29,45,0,454,25.64,90.83,0.56,0,14.33,94.45,0
20-07-2014,179697,2227.448812,34,90,36,0,60,58,29,39,39,28,51,0,41,76,0,581,25.85,90.09,0.47,0,11.74,78.15,0
27-07-2014,238934,2160.350354,55,51,22,0,70,67,0,62,62,0,34,26,20,52,26,547,25.9,89.28,0.41,0,13.32,69.4,0
03-08-2014,207768,1908.154034,61,37,31,0,49,48,39,41,41,15,49,29,20,50,23,533,25.77,90.56,0.67,0,12.72,112.65,0
10-08-2014,207688,1786.356968,68,0,77,0,43,56,37,16,16,21,31,0,49,38,0,452,25.53,89.18,0.48,0,11.9,81.45,0
17-08-2014,207808,1813.422983,44,22,11,0,56,64,35,31,31,0,31,0,27,55,0,407,25.76,88.3,0.42,0,12.1,69.75,0
24-08-2014,276209,1872.066015,55,53,41,0,63,69,26,38,38,18,38,24,66,82,0,611,26.14,88.86,0.52,0,8.45,86.75,0
07-09-2014,224080,2040.072945,51,62,19,0,50,69,24,34,34,0,42,25,29,58,0,497,25.49,90.43,1.03,0,9.91,173.1,0
14-09-2014,224105,1997.101424,75,39,17,0,39,70,0,32,32,11,48,27,72,81,27,570,26.22,86.27,0.2,0,12.07,33.85,0
21-09-2014,224062,2047.592961,45,52,65,0,40,79,0,20,20,31,37,26,48,49,0,512,26.21,86.9,0.16,0,11.88,27.25,0
28-09-2014,297889,1912.232671,47,32,58,0,73,43,0,63,63,51,24,31,43,23,0,551,26.47,88.48,0.41,0,7.48,68.3,0
05-10-2014,271186,1813.973515,45,49,44,0,39,48,60,36,36,64,28,28,43,34,0,554,26.55,87.68,0.3,0,5.54,50.5,0
12-10-2014,271274,1820.518218,61,38,24,46,66,80,100,38,38,39,11,63,24,34,0,662,26.6,87.17,0.31,0,7.75,52.2,0
19-10-2014,271289,1746.344917,46,61,27,46,26,33,35,28,28,43,89,31,22,26,0,541,26.05,89.6,0.92,0,4.53,155.3,0
26-10-2014,361065,1744.16335,57,27,27,0,89,69,42,15,15,0,73,0,35,41,0,490,26.15,88.11,0.63,0,4.78,105.55,0
02-11-2014,264017,2105.206259,53,48,40,74,79,77,44,39,39,49,32,23,0,39,0,636,26.18,87.89,0.4,0,4.91,67,0
09-11-2014,264053,2062.67684,73,44,14,0,73,75,53,25,25,0,47,0,0,74,23,526,26.39,86.31,0.27,0,5.57,45.55,0
16-11-2014,263961,2010.578301,32,50,38,23,81,76,0,36,36,13,17,82,57,47,0,588,26.6,86.16,0.29,0,5.01,48.25,0
23-11-2014,351079,2043.538601,58,63,41,38,79,85,63,26,26,16,55,23,36,59,0,668,26.43,85.45,0.29,0,5.44,47.95,0
07-12-2014,293048,2285.88267,47,42,52,0,71,67,0,43,43,15,40,23,20,40,36,539,26.34,80.79,0.01,0,4.88,1.35,0
14-12-2014,293034,2258.73442,52,48,30,0,70,70,25,48,48,31,63,0,12,53,0,550,26.21,87.31,0.28,0,4.27,47.45,0
21-12-2014,293127,2199.008269,50,73,38,0,81,66,28,49,49,33,50,24,75,48,30,694,26.35,84.99,0.11,0,5.07,18.6,0
28-12-2014,389631,2317.37464,69,37,0,0,58,65,21,37,37,0,19,28,0,40,0,411,26.25,83.36,0.02,0,4.45,3,0
04-01-2015,240483,3431.107571,21,63,30,0,57,60,0,30,30,0,52,52,19,78,0,492,26.18,81.22,0.04,0,6,6,0
11-01-2015,240447,3519.420159,86,38,34,0,58,70,35,23,23,10,0,25,51,75,0,528,26.33,79.99,0.02,0,5.31,3.75,0
18-01-2015,240514,3553.218804,47,32,50,0,74,74,0,54,54,26,10,0,0,47,0,468,26.29,73.52,0,0,6.02,0.1,0
25-01-2015,319685,3493.253466,43,15,24,0,36,55,26,27,27,13,53,54,32,55,0,460,26.97,72.88,0.01,0,6.51,2.4,0
01-02-2015,214789,2785.234511,64,48,43,0,60,60,0,27,27,19,22,49,0,51,0,470,27.48,71.52,0,0,6.82,0.05,0
08-02-2015,214813,2826.337001,57,50,54,0,62,66,32,14,14,12,38,31,41,58,11,540,28.05,66.97,0.01,0,6.81,1.25,0
15-02-2015,214886,2800.377533,48,54,33,0,34,79,45,21,21,13,63,39,17,26,0,493,27.78,73.12,0.01,0,5.74,2.15,0
22-02-2015,285767,2796.050955,44,14,23,23,48,60,25,24,24,10,23,0,48,51,21,438,27.29,70.3,0.01,0,6.71,0.9,0
01-03-2015,209574,4329.517194,47,15,20,0,74,69,0,17,17,0,30,0,25,65,0,379,27.69,72.86,0.03,0,6.28,5.5,0
08-03-2015,209616,4412.378767,43,35,26,36,72,64,19,15,15,19,44,0,11,41,0,440,27.51,80.41,0.11,0,5.42,18.5,0
15-03-2015,209520,4385.121671,37,24,19,0,52,45,0,21,21,0,44,80,49,34,0,426,27.77,76.65,0.09,0,5.67,15.5,0
22-03-2015,278803,4310.982368,43,33,37,0,72,67,0,37,37,0,73,0,37,32,0,468,28.34,77.01,0.05,0,5.44,7.95,0
05-04-2015,220566,4543.053074,60,39,28,55,62,56,29,31,31,11,37,24,0,56,19,538,28.5,79.82,0.16,0,6.09,27.25,0
12-04-2015,220675,4591.740235,32,21,0,0,65,55,33,19,19,0,28,20,27,31,0,350,27.95,82.23,0.19,0,5.34,31.85,0
19-04-2015,220692,4472.727175,48,42,32,0,74,74,15,23,23,42,44,46,27,38,0,528,27.65,81.8,0.26,0,5.86,43.85,0
26-04-2015,293405,4535.479516,56,66,31,0,51,53,34,63,63,12,16,26,33,50,0,554,27.19,85.85,0.53,0,5.52,89.05,0
03-05-2015,268633,4067.542715,52,66,77,0,93,94,29,43,43,27,40,56,43,59,12,734,28.29,82.16,0.11,0,6.8,18.75,0
10-05-2015,268707,3959.8788,52,44,36,0,82,80,30,46,46,39,49,0,29,44,0,577,27.53,85.53,0.4,0,5.85,66.75,0
17-05-2015,268709,4019.093953,74,50,45,43,61,66,32,47,47,12,18,25,100,63,0,683,26.41,90.97,0.89,0,6.39,149.3,0
24-05-2015,357591,3996.484531,54,44,68,0,72,73,23,42,42,39,44,32,48,45,33,659,27.45,88.15,0.4,0,7.22,67.55,0
07-06-2015,198064,3601.760403,71,19,17,0,63,59,0,40,40,18,27,27,46,66,0,493,27.26,86.78,0.38,0,6.37,63.35,0
14-06-2015,198082,3674.271805,66,50,17,0,26,51,17,28,28,18,12,33,21,65,0,432,26.62,87.81,0.54,0,8.53,90.1,0
21-06-2015,198125,3725.138013,39,41,26,23,70,86,0,37,37,16,29,42,79,62,0,587,26.36,90.06,0.46,0,12.19,76.55,0
28-06-2015,263433,3615.829779,62,36,25,22,68,66,0,31,31,15,25,21,33,51,13,499,26.41,90.9,0.43,0,11.23,72.6,0
05-07-2015,195717,3656.982128,66,78,42,0,41,46,0,26,26,12,43,51,43,74,0,548,26.83,87.47,0.18,0,11.51,30.4,0
12-07-2015,195696,3682.697795,78,29,16,0,6,62,0,40,40,29,66,51,29,40,13,499,26.4,88.19,0.4,0,14.12,67.9,0
19-07-2015,195783,3659.125101,58,62,37,29,57,78,23,29,29,36,37,29,29,48,0,581,25.83,89.89,0.58,0,14.16,97.8,0
26-07-2015,260526,3630.194975,71,45,17,0,47,60,19,28,28,22,28,48,47,63,0,523,25.56,90.75,0.82,0,11.29,137.15,0
02-08-2015,223529,3188.722469,60,41,24,0,61,62,39,46,46,22,76,45,64,43,60,689,26.5,86.05,0.2,0,11.12,34.25,0
09-08-2015,223554,3289.747044,62,62,42,48,53,55,22,44,44,35,27,40,26,54,0,614,26.08,88.71,0.4,0,11.95,66.4,0
16-08-2015,223541,3138.210182,62,39,21,0,71,63,0,54,54,32,39,0,37,28,0,500,26.4,87.28,0.24,0,14.28,39.85,0
23-08-2015,297352,3197.320305,53,53,49,0,57,61,45,57,57,43,70,23,33,45,0,646,26.61,87.47,0.29,0,7.57,48.6,0
06-09-2015,241591,3564.55437,61,52,59,0,79,80,47,38,38,29,30,0,36,46,0,595,26.91,86.58,0.29,0,8.67,48.5,0
13-09-2015,241609,3567.835641,56,71,62,29,27,38,0,55,55,27,54,43,44,63,0,624,26.09,89,0.46,0,7.06,76.85,0
20-09-2015,241620,3697.992736,56,32,30,0,58,46,20,50,50,0,49,0,17,62,0,470,26.32,89.46,0.48,0,11.16,81.25,0
27-09-2015,321295,3623.617253,42,31,22,30,76,60,0,47,47,19,49,32,19,50,0,524,26.94,87.16,0.24,0,6.71,40.6,0
04-10-2015,285321,2134.573738,74,33,35,0,68,42,32,22,22,44,69,69,39,57,16,622,26.11,90.14,0.59,0,7.31,99.15,0
11-10-2015,285425,2100.691616,56,68,50,0,47,58,0,45,45,17,55,0,31,38,0,510,26.39,88.66,0.6,0,6.63,100.75,0
18-10-2015,285413,2039.4852,44,61,51,0,91,76,90,58,58,37,63,21,61,44,0,755,26.89,87.74,0.22,0,4.17,36.4,0
25-10-2015,379587,2107.249446,64,24,48,0,74,60,28,35,35,38,39,91,51,83,0,670,26.82,88.14,0.21,0,4.88,34.55,0
01-11-2015,275629,2466.435063,89,35,27,0,60,67,0,50,50,26,8,44,67,51,20,594,26.34,87.93,0.7,0,5.7,117.75,0
08-11-2015,275773,2453.274894,41,34,46,0,56,66,0,29,29,42,52,0,14,51,0,460,26.24,88.46,0.69,0,5.51,115.6,0
15-11-2015,275593,2486.175317,56,34,22,0,67,77,23,39,39,0,37,0,58,57,0,509,26.14,87.88,0.19,0,5.22,32.35,0
22-11-2015,366588,2440.114725,58,32,20,0,78,87,0,41,41,0,39,0,39,45,0,480,26.73,86.59,0.25,0,5.5,41.3,0
06-12-2015,304495,2653.095065,74,76,59,0,81,89,43,37,37,16,42,65,31,58,20,728,26.46,87.79,0.43,0,4.53,72.85,0
13-12-2015,304587,2638.813394,58,58,39,0,78,84,26,51,51,22,46,48,37,67,40,705,26.56,88.43,0.35,0,4.21,59.6,0
20-12-2015,304633,2595.968381,81,100,100,35,94,87,45,88,88,54,50,37,45,54,0,958,26.6,85.74,0.2,0,4.6,33.45,0
27-12-2015,405135,2709.12316,79,49,46,56,72,73,30,43,43,31,49,24,74,75,13,757,26.7,78.18,0,0,5.81,0,0
03-01-2016,248814,2948.184942,78,50,36,0,52,64,0,46,46,16,38,37,43,62,0,568,26.81,74.49,0,0,7.15,0,0
10-01-2016,248819,2901.68019,73,45,21,0,47,45,0,43,43,0,15,0,51,52,0,435,27.09,73.74,0,0,6.26,0,0
17-01-2016,248754,3050.927997,36,41,22,0,36,40,43,22,22,18,32,18,10,45,0,385,26.96,72.7,0,0,6.37,0.65,0
24-01-2016,330844,2935.206871,58,39,16,0,34,51,0,36,36,0,28,23,36,40,0,397,27.82,76.12,0.02,0,6.32,2.7,0
07-02-2016,232321,2382.735562,61,35,40,0,45,36,0,24,24,0,21,0,49,41,0,376,27.09,68.37,0,0,6.74,0,0
14-02-2016,232453,2445.155916,70,28,0,0,32,34,34,48,48,39,0,0,22,55,0,410,27.82,78.73,0.04,0,5.62,6.35,0
21-02-2016,232351,2384.887988,47,25,33,0,41,46,33,15,15,0,31,30,29,45,0,390,28.97,72.1,0.01,0,6.66,2.05,0
28-02-2016,308986,2347.220534,53,38,29,0,35,46,34,24,24,11,29,38,11,62,0,434,28.98,72.65,0.01,0,6.98,1.8,0
06-03-2016,221921,4063.212334,69,27,0,0,43,43,18,40,40,18,40,100,40,48,0,526,29.15,70.68,0,0,7.05,0.5,0
13-03-2016,221844,3996.476752,44,0,10,0,44,50,46,27,27,50,37,36,0,49,0,420,29.23,76.34,0.03,0,6.05,5.25,0
20-03-2016,221724,3890.356236,50,33,31,0,55,56,18,22,22,20,58,18,20,54,0,457,29.62,75.85,0.03,0,7.63,4.5,0
27-03-2016,294978,3908.954677,62,38,24,25,68,68,0,36,36,42,24,17,47,67,0,554,29.5,77.87,0.04,0,6.15,7.55,0
03-04-2016,233895,4107.839546,55,39,18,0,45,71,83,28,28,17,29,27,32,62,0,534,29.52,76.82,0.06,0,5.33,9.85,0
10-04-2016,233995,4109.986314,48,39,42,63,77,48,0,41,41,0,29,0,28,47,0,503,29.49,78.11,0.09,0,6.69,15.4,0
17-04-2016,233891,4136.820907,45,35,68,0,40,41,15,37,37,0,22,32,22,50,0,444,29.95,78.4,0.08,0,7.37,14.1,0
24-04-2016,311063,4115.353233,50,44,22,0,52,60,28,25,25,29,53,0,27,44,34,493,29.87,77.46,0.06,0,8.97,10.75,0
01-05-2016,278584,4287.955826,63,54,46,45,44,46,26,36,36,0,57,34,12,47,36,582,30.17,76.62,0.05,0,6.83,7.9,0
08-05-2016,278605,4299.82784,40,68,41,0,41,57,0,42,42,0,40,0,23,42,0,436,29.68,78.05,0.16,0,7.41,26.1,0
15-05-2016,278671,4317.096225,52,32,11,0,57,61,14,35,35,0,37,0,35,76,0,445,27.89,86.27,0.46,0,5.98,76.7,0
22-05-2016,370490,4222.120108,72,18,21,0,51,49,24,24,24,10,45,39,78,72,11,538,27.16,89.63,0.58,0,9.22,98.05,0
05-06-2016,205895,3757.81103,24,32,0,0,60,50,0,43,43,12,29,0,46,62,0,401,26.62,89.73,0.76,0,8.6,126.85,0
12-06-2016,205925,3782.826849,64,31,24,0,49,57,39,37,37,0,18,0,20,61,0,437,26.17,91.69,0.93,0,11.23,156.25,0
19-06-2016,205892,3820.894399,68,32,24,0,39,46,38,48,48,0,38,0,53,40,0,474,26.19,89.88,0.55,0,12.95,91.6,0
26-06-2016,273902,3902.467721,66,37,30,0,40,22,30,25,25,30,23,0,33,47,0,408,25.46,89.66,0.56,0,13.88,93.5,0
03-07-2016,211025,4075.241407,38,78,59,0,63,67,22,46,46,11,55,32,28,70,0,615,26.4,89.12,0.41,0,12.99,69.5,0
10-07-2016,211090,3981.446168,72,19,0,54,46,55,59,43,43,33,26,22,14,76,0,562,26.03,89.58,0.44,0,13.16,74.75,0
17-07-2016,211038,3971.743213,57,57,0,0,50,39,36,16,16,21,47,52,34,54,26,505,25.7,88.77,0.36,0,12.11,60.15,0
24-07-2016,280733,4093.569212,62,32,0,0,54,49,24,24,24,38,24,40,55,61,0,487,25.65,87.62,0.41,0,14.15,68.7,0
07-08-2016,240956,3690.681848,74,66,52,0,70,55,38,100,100,18,0,73,31,60,0,737,26.3,87.58,0.17,0,13.3,28.95,0
14-08-2016,240879,3601.060259,59,50,0,31,45,64,21,59,59,25,39,21,11,63,0,547,26.32,86.47,0.19,0,13.49,31.75,0
21-08-2016,240911,3711.197634,60,33,0,24,43,39,0,34,34,0,24,0,0,71,0,362,26.08,87.8,0.15,0,14.28,25.7,0
28-08-2016,320616,3601.060259,61,22,44,0,89,95,81,69,69,24,100,58,61,52,0,825,25.77,89.11,0.28,0,11.99,47,0
04-09-2016,260893,3814.588264,78,42,30,50,63,81,28,54,54,18,46,0,54,76,0,674,25.35,90.42,0.47,0,10.37,78.35,0
11-09-2016,260810,3870.260055,65,44,49,0,65,61,36,70,70,32,47,0,17,61,0,617,25.79,87.45,0.09,0,11.38,15.45,0
18-09-2016,260825,3735.363024,59,45,33,0,40,55,26,56,56,31,63,49,71,73,0,657,25.93,88.31,0.28,0,12.53,47.65,0
25-09-2016,346732,3832.788657,74,54,43,23,29,50,54,46,46,0,36,0,46,56,0,557,26.01,87.32,0.16,0,14.73,27.25,0
02-10-2016,308760,3394.715534,49,0,21,0,64,75,29,64,64,28,70,31,27,54,0,576,25.9,87.58,0.16,0,10.82,27.6,0
09-10-2016,308742,3425.073897,52,27,32,39,40,49,91,29,29,31,46,26,57,60,13,621,26.29,83.83,0.05,0,10.41,7.9,0
16-10-2016,308824,3396.883989,66,0,26,0,51,58,0,25,25,23,60,0,36,70,0,440,26.42,86,0.32,0,7.48,53.25,0
23-10-2016,410865,3428.326579,72,15,21,0,47,65,0,63,63,0,31,18,19,47,0,461,26.38,86.49,0.21,0,7.03,35.5,0
06-11-2016,274287,2477.869516,61,47,0,0,48,50,0,32,32,0,33,48,38,55,25,469,26.11,88.31,0.36,0,5.22,61.25,0
13-11-2016,274313,2428.92126,67,26,19,0,36,37,0,33,33,22,71,56,45,61,0,506,26.67,84.36,0.05,0,4.31,9.15,0
20-11-2016,274248,2368.007874,71,37,47,0,55,61,34,32,32,23,24,34,28,59,0,537,26.56,85.98,0.08,0,4.62,13.6,0
27-11-2016,364772,2395.20135,65,35,11,0,53,54,35,32,32,0,80,33,50,62,0,542,26.79,83.85,0.01,0,5.36,1.1,0
04-12-2016,324809,2454.0404,86,40,10,0,46,44,17,35,35,28,47,0,45,60,14,507,26.04,82.36,0.05,0,6.14,8.1,0
11-12-2016,324815,2555.706243,63,40,43,0,54,59,19,63,63,26,46,0,33,49,0,558,26.45,82.4,0.05,0,6.92,8.8,0
18-12-2016,324853,2500.547115,59,72,47,0,71,79,19,78,78,59,45,24,53,54,0,738,26.43,79.51,0.02,0,6.84,2.7,0
25-12-2016,432122,2555.706243,62,49,58,0,53,55,0,52,52,34,66,24,43,84,0,632,26.92,80.09,0,0,5.68,0.5,0
01-01-2017,282145,2780.225589,98,60,28,0,88,65,0,37,37,44,23,0,86,70,14,650,27.04,74.48,0,0,6.06,0,0
08-01-2017,282031,2838.421464,59,24,52,54,54,57,36,31,31,17,73,30,26,54,16,614,26.62,75.9,0.01,0,5.88,1.8,0
15-01-2017,281968,2821.950933,67,35,33,53,42,49,49,40,40,0,31,31,10,37,0,517,26.46,74.2,0.01,0,5.69,1.55,0
22-01-2017,374930,2793.402013,65,62,53,24,46,48,0,39,39,28,56,0,21,43,0,524,26.65,71.5,0.01,0,6.37,1.3,0
05-02-2017,238940,2439.227727,65,25,17,0,32,36,51,32,32,17,33,0,65,56,14,475,26.71,73.77,0,0,6.68,0.45,0
12-02-2017,238843,2276.830528,63,24,31,0,52,40,0,26,26,0,27,31,18,42,16,396,27.08,70.71,0.01,0,6.53,0.85,0
19-02-2017,238883,2289.909497,73,9,13,0,46,38,26,31,31,24,35,22,36,60,0,444,27.84,61.82,0,0,6.97,0,0
26-02-2017,317897,2255.032247,66,26,14,0,39,62,26,20,20,0,28,0,28,55,0,384,27.72,75.92,0,0,6.94,0.65,0
05-03-2017,234471,3839.688341,57,29,37,22,44,43,16,31,31,30,45,46,49,46,0,526,28.14,72.74,0.12,0,6.45,19.4,0
12-03-2017,234345,3868.908066,70,40,19,0,35,44,0,24,24,9,58,20,35,67,0,445,27.28,82.88,0.22,0,6.02,37.7,0
19-03-2017,234467,3769.344558,55,36,53,0,44,39,0,20,20,26,33,15,39,57,0,437,27.52,81.81,0.15,0,5.98,25.95,0
26-03-2017,311594,3884.059035,72,40,20,0,56,59,15,30,30,24,44,24,64,60,0,538,28.02,81.29,0.03,0,6.19,4.55,0
02-04-2017,280216,4024.219517,56,19,38,33,51,45,23,31,31,17,52,69,22,46,14,547,28.55,78.85,0.05,0,6.77,8.1,0
09-04-2017,280217,3959.504113,60,21,31,28,47,51,26,69,69,28,50,26,66,54,14,640,28.58,81.02,0.11,0,7.84,19.3,0
16-04-2017,280268,4037.162598,75,70,27,40,46,45,0,26,26,29,19,21,56,51,0,531,28.31,83.85,0.18,0,9.26,30.45,0
23-04-2017,372551,4105.113772,67,41,57,0,56,54,0,54,54,17,70,37,62,41,14,624,28.72,80.29,0.07,0,9.06,12.6,0
07-05-2017,309045,3531.865768,55,56,73,0,52,59,0,60,60,32,59,34,53,76,0,669,28.24,83.07,0.34,0,5.3,56.6,0
14-05-2017,309143,3631.998788,54,44,18,0,67,81,48,60,60,35,69,67,48,78,0,729,28.26,83.08,0.27,0,7.23,45.5,0
21-05-2017,309091,3571.048254,76,29,23,61,76,77,35,50,50,17,84,44,33,75,17,747,27.69,86.95,0.46,0,9.47,77.6,0
28-05-2017,411051,3633.08719,68,10,25,0,51,56,20,39,39,15,56,0,47,72,0,498,27.13,89.07,0.57,0,9.19,95.5,0
04-06-2017,237307,3786.829279,68,48,28,0,57,41,18,31,31,47,54,59,40,61,13,596,26.17,91.4,1.46,0,12.71,246.05,0
11-06-2017,237227,3806.42759,75,15,27,23,53,56,44,51,51,27,35,19,56,79,15,626,26.16,89.64,0.63,0,11.4,105.75,0
18-06-2017,237235,3818.404336,82,51,32,0,73,74,55,33,33,21,32,60,18,80,0,644,26.66,89.51,0.28,0,9.37,47.85,0
25-06-2017,315592,3805.338795,59,19,22,0,53,43,30,36,36,27,12,29,36,72,0,474,26.05,90.34,0.52,0,10.25,87,0
02-07-2017,250147,3701.367977,86,43,18,0,34,47,26,55,55,21,0,52,0,100,13,550,25.91,89.73,0.63,0,11.63,105.6,0
09-07-2017,250190,3544.530351,69,50,21,0,59,72,59,60,60,19,22,91,9,75,0,666,26.1,88.45,0.27,0,13.14,45.05,0
16-07-2017,250311,3526.142491,54,29,24,0,48,54,19,46,46,41,82,35,15,68,0,561,26.1,88.53,0.24,0,12.46,40.8,0
23-07-2017,332514,3589.959181,100,32,36,29,32,42,17,19,19,21,41,0,48,75,0,511,26.39,88.77,0.34,0,10.6,57.75,0
06-08-2017,262941,3072.935509,82,60,44,0,47,47,0,77,77,30,60,73,35,87,0,719,25.94,89.76,0.29,0,13.13,49.55,0
13-08-2017,262910,3116.323232,78,64,16,0,54,63,43,38,38,36,45,57,25,73,0,630,25.99,88.97,0.35,0,11.77,59.4,0
20-08-2017,262975,3173.811966,61,44,11,0,48,48,30,47,47,35,31,30,44,50,0,526,25.79,90.46,0.51,0,9.56,86.5,0
27-08-2017,349707,3200.929293,53,64,18,0,66,68,24,37,37,29,35,0,61,54,0,546,25.99,89.49,0.45,0,11.75,76.15,0
03-09-2017,274566,3331.097323,67,21,15,0,48,43,30,42,42,0,48,38,37,61,0,492,26.06,89.69,0.38,0,11.32,63.85,0
10-09-2017,274643,3275.094393,64,46,37,0,55,52,41,56,56,25,24,64,50,75,0,645,26.26,89.54,0.27,0,6.77,44.8,0
17-09-2017,274558,3230.938237,77,40,57,0,59,76,48,59,59,53,81,0,39,59,0,707,26.15,89.98,0.89,0,9.14,148.85,0
24-09-2017,365192,3397.870046,56,64,54,0,50,56,16,92,92,51,61,38,29,71,0,730,26.48,87.03,0.15,0,10.41,25.65,0
01-10-2017,318582,3268.789854,66,63,50,0,61,68,30,50,50,32,54,0,44,79,19,666,26.12,89.77,0.44,0,7.88,74.2,0
08-10-2017,318472,3268.789854,67,46,29,0,59,44,32,55,55,14,39,26,56,77,14,613,26.63,87.82,0.29,0,6.86,48.3,0
15-10-2017,318527,3195.713805,71,16,13,0,34,52,39,57,57,13,42,26,23,67,12,522,26.16,89.17,0.42,0,5.86,70.65,0
22-10-2017,423609,3231.706486,65,0,35,74,58,56,48,38,38,38,40,20,30,82,0,622,26.22,88.57,0.44,0,8.05,73.6,0
05-11-2017,323718,2508.460173,64,37,35,0,45,55,22,39,39,29,29,0,44,67,24,529,26.14,89.03,0.66,0,4.53,110.5,0
12-11-2017,323715,2478.107155,68,33,36,28,65,60,80,47,47,24,47,57,47,79,0,718,26.28,87.56,0.19,0,4.61,32,0
19-11-2017,323710,2543.149337,78,8,22,0,42,47,0,43,43,0,43,25,49,89,32,521,26.6,81.43,0.04,0,6.57,6.5,0
26-11-2017,430467,2364.283335,77,49,41,0,57,69,19,46,46,15,60,18,63,68,11,639,26.67,85.99,0.16,0,4.43,26.8,0
03-12-2017,377020,2407.838004,71,29,15,0,38,44,39,24,24,43,55,25,43,69,0,519,25.89,87.65,0.61,0,9.54,102.3,0
10-12-2017,377040,2371.371861,74,54,66,0,45,45,0,48,48,24,24,22,45,67,0,562,26.58,84.07,0.03,0,4.83,5.25,0
17-12-2017,376968,2427.14361,68,81,70,0,73,52,40,78,78,47,57,63,21,67,0,795,26.65,83.78,0.04,0,4.84,7.55,0
24-12-2017,501581,2360.646525,77,26,38,0,57,53,46,60,60,17,30,43,40,75,22,644,26.5,75.59,0,0,6.32,0.3,0
07-01-2018,328490,2463.297514,64,52,46,0,17,13,0,44,56,40,100,64,48,35,0,579,26.08,77.2,0.01,0,5.62,1.5,0
14-01-2018,328458,2453.645935,45,24,12,31,23,13,27,33,31,20,60,32,59,32,22,464,26.56,75.24,0.01,0,6.02,1.5,0
21-01-2018,328560,2513.700206,45,34,41,0,21,13,49,44,50,0,51,37,49,32,0,466,26.34,72.09,0,0,6.91,0.35,0
28-01-2018,436975,2449.356344,39,23,0,0,19,11,37,32,46,56,24,41,20,20,22,390,26.39,76.12,0.02,0,5.88,4,0
04-02-2018,283283,2065.348315,39,89,31,32,22,10,0,27,26,17,43,18,18,28,0,400,26.92,67.84,0,0,6.97,0,0
11-02-2018,283306,2098.183741,37,29,0,0,16,11,44,24,57,36,57,16,42,28,0,397,27.37,76.69,0.17,0,5.9,29.1,0
18-02-2018,283315,2030.32386,36,56,0,29,18,10,39,22,51,25,47,36,33,31,0,433,27.16,76.97,0.19,0,6.27,32.65,0
25-02-2018,376874,2086.144085,24,60,45,0,22,13,0,35,53,28,41,59,24,24,0,428,27.33,72.07,0,0,6.77,0,0
04-03-2018,283647,3388.398685,48,12,15,0,4,7,18,27,26,12,23,18,37,26,0,273,28.44,72.18,0,0,6.82,0.55,0
11-03-2018,283759,3375.469978,48,44,24,0,26,12,41,25,12,32,28,21,49,22,0,384,28.4,73.35,0,0,6.37,0.5,0
18-03-2018,283677,3451.964829,31,0,11,0,20,10,0,29,70,27,56,0,52,30,0,336,27.98,78.45,0.21,0,6.4,35.3,0
25-03-2018,377368,3385.166508,47,76,31,50,19,11,75,38,69,44,77,0,42,26,22,627,28.4,78.85,0.08,0,7.37,12.75,0
01-04-2018,339637,3488.507604,44,49,30,0,13,11,19,38,48,35,36,19,45,29,0,416,28.69,77.43,0.04,0,7.06,6.55,0
08-04-2018,339577,3603.643419,43,79,18,64,24,15,61,30,56,34,67,45,55,24,60,675,28.85,77.25,0.06,0,5.74,9.3,0
15-04-2018,339660,3650.988988,47,59,32,32,19,11,51,38,69,26,52,45,39,30,0,550,27.97,81.91,0.31,0,5.24,51.55,0
22-04-2018,451678,3620.85999,41,55,48,0,17,15,42,29,60,54,46,36,40,26,19,528,28.41,83.07,0.07,0,5.61,12,0
06-05-2018,368206,3363.100935,32,50,100,75,20,12,33,48,96,33,54,26,63,25,27,694,28.33,81.54,0.23,0,7.55,38,0
13-05-2018,368137,3479.144034,39,67,17,0,21,13,31,39,41,34,40,30,48,29,34,483,27.04,87.35,0.46,0,5.75,77.6,0
20-05-2018,368234,3321.196482,57,36,25,33,33,15,35,37,60,32,37,48,71,27,25,571,27.11,86.87,0.46,0,5.83,77.6,0
27-05-2018,489755,3398.558549,33,25,28,0,18,13,34,28,46,22,27,47,22,24,0,367,26.48,89.68,1.15,0,8.27,193.4,0
03-06-2018,250384,3659.630336,28,48,32,62,13,9,17,22,54,26,39,48,35,34,0,467,26.81,88.67,0.7,0,10.85,117.85,0
10-06-2018,250384,3635.054716,30,64,50,0,14,12,0,37,40,28,52,45,20,30,19,441,26.31,91.26,0.8,0,13.1,134.75,0
17-06-2018,250323,3669.246883,39,63,0,0,13,8,0,5,58,0,15,58,41,22,0,322,26.02,91.21,0.64,0,11.96,106.75,0
24-06-2018,333147,3604.068065,31,25,34,55,8,8,40,26,39,31,46,0,24,19,65,451,25.59,90.81,0.64,0,10.78,107.6,0
01-07-2018,271805,3087.577598,45,71,28,0,17,13,24,39,78,30,28,0,26,33,54,486,25.65,89.68,0.61,0,10.52,103.3,0
08-07-2018,271776,3000.791633,43,59,41,0,18,13,0,32,52,15,50,22,52,30,0,427,26.14,87.42,0.3,0,13.07,49.8,0
15-07-2018,271830,3143.209627,39,18,0,0,21,21,18,32,46,46,32,0,34,36,0,343,25.13,92.1,0.65,0,14.81,110,0
22-07-2018,361583,3135.421143,52,74,32,0,23,16,20,52,27,16,27,99,51,34,0,523,25.52,90.6,0.59,0,13.8,98.75,0
05-08-2018,229935,3826.751782,48,29,0,46,22,20,0,59,42,33,51,0,71,39,0,460,25.57,89.92,0.18,0,10.66,30.15,0
12-08-2018,229978,3784.316945,100,87,63,0,100,100,17,54,64,41,98,84,86,90,0,984,25.03,91.88,0.47,0,12.77,79.05,0
19-08-2018,229950,3652.660145,57,71,74,30,63,55,0,64,61,61,68,37,60,51,0,752,24.91,92.43,1.54,0,16.45,258.2,0
26-08-2018,305714,3697.271127,29,50,26,52,14,10,0,40,59,44,24,0,31,24,0,403,25.91,86.07,0.1,0,13.45,16.15,0
02-09-2018,258518,3486.514988,27,20,13,0,16,11,42,37,47,24,0,52,61,19,0,369,25.58,87.86,0.18,0,11.67,30.4,0
09-09-2018,258468,3538.126391,24,43,18,0,13,11,17,28,61,10,57,0,21,19,0,322,26.23,83.05,0.03,0,11.57,4.8,0
16-09-2018,258517,3591.934023,30,29,25,0,12,9,16,41,40,33,33,27,40,18,22,375,26.61,81.02,0.05,0,10.19,9.05,0
23-09-2018,343942,3597.424598,32,68,35,0,12,8,0,38,87,35,51,21,27,19,0,433,26.46,85.12,0.16,0,8.38,26.95,0
07-10-2018,295867,3196.550099,37,29,20,0,14,9,48,49,81,26,40,20,29,23,26,451,26.28,89.7,0.62,0,4.67,104.7,0
14-10-2018,295834,3426.971255,44,49,27,0,19,12,19,67,79,42,28,0,54,25,19,484,26.34,88.66,0.4,0,6.54,67.65,0
21-10-2018,295870,3288.93594,50,50,12,58,13,10,27,51,83,33,0,0,10,25,0,422,26.4,86.38,0.33,0,4.91,55.35,0
28-10-2018,393457,3321.542707,50,32,25,0,16,10,0,51,73,41,18,36,18,24,0,394,26.8,84.82,0.12,0,4.82,19.7,0
04-11-2018,315293,3157.62515,23,45,19,0,13,11,0,56,61,38,42,34,18,15,0,375,26.69,86.35,0.25,0,5.04,42.15,0
11-11-2018,315188,3146.792817,39,0,18,0,11,8,0,55,62,54,14,52,25,26,19,383,26.49,86.32,0.2,0,4.13,33.45,0
18-11-2018,315191,3170.62395,51,57,29,0,14,10,32,40,36,48,32,44,61,36,0,490,26.41,85.87,0.38,0,6.44,63.5,0
25-11-2018,419133,3161.958083,26,39,20,0,15,10,0,54,53,35,54,48,18,33,0,405,26.58,87.68,0.19,0,4.52,31.9,0
02-12-2018,378836,3675.309527,35,83,64,49,13,13,27,50,59,42,28,61,54,32,0,610,26.99,81.85,0.1,0,5.26,16.35,0
09-12-2018,378638,3537.823722,42,66,24,0,19,12,59,49,78,30,67,49,17,74,40,626,26.94,84.51,0.12,0,4.69,20.1,0
16-12-2018,378748,3688.300312,45,67,53,0,18,13,58,85,73,36,57,37,73,37,27,679,26.5,84.39,0.02,0,4.97,3.3,0
23-12-2018,503756,3665.566439,45,79,20,0,21,13,55,70,68,32,63,26,77,38,0,607,26.5,82.06,0.11,0,5.77,17.85,0
06-01-2019,349961,2433.250787,40,51,36,0,16,10,37,60,72,35,34,33,35,28,39,526,25.2,71.72,0,0,6.88,0,0
13-01-2019,350054,2431.084045,37,31,39,0,14,7,32,34,32,38,33,73,40,32,0,442,25.78,72.29,0,0,6.7,0,0
20-01-2019,349991,2376.915506,42,49,22,0,19,12,25,50,46,41,41,19,25,29,0,420,26.15,71.66,0,0,6.84,0,0
27-01-2019,465545,2400.749663,54,31,0,0,9,6,41,25,29,25,42,0,62,30,0,354,26.21,74.14,0,0,6.51,0.5,0
03-02-2019,308476,1986.472027,36,79,32,0,16,9,41,31,56,14,31,0,30,29,37,441,27.35,71.46,0,0,7.04,0.6,0
10-02-2019,308491,2052.545667,45,23,19,0,12,12,24,37,40,41,44,19,35,31,21,403,27.61,77.51,0.07,0,5.64,12,0
17-02-2019,308440,2134.604866,43,32,39,0,14,8,0,40,28,27,42,0,44,26,0,343,28.28,72.65,0,0,7.08,0.35,0
24-02-2019,410258,2017.37744,49,100,36,0,12,9,0,36,44,28,23,18,28,30,0,413,28.37,70.53,0,0,7.55,0.75,0
03-03-2019,309306,3052.165573,37,39,40,0,15,11,30,38,37,22,33,0,36,24,19,381,28.36,74.11,0.03,0,8.28,4.25,0
10-03-2019,309242,3217.089607,39,31,45,0,11,9,79,25,35,0,28,0,100,29,17,448,28.53,76.31,0.02,0,7.9,3.2,0
17-03-2019,309175,3152.83349,49,0,17,0,15,8,0,43,39,32,20,23,19,32,0,297,28.7,72.99,0,0,6.57,0.65,0
24-03-2019,411529,3138.911331,33,31,23,0,8,2,0,45,37,54,33,17,30,23,0,336,28.96,75.35,0.02,0,5.8,2.65,0
07-04-2019,372563,3345.639647,41,34,33,0,13,10,48,71,43,58,21,0,48,21,18,459,29.23,75.49,0.04,0,7.54,6.2,0
14-04-2019,372617,3347.803709,57,39,22,43,21,13,62,79,94,30,41,0,63,33,0,597,29.56,77.5,0.05,0,6.69,8,0
21-04-2019,372597,3317.506843,43,69,36,0,15,12,0,85,44,64,65,29,18,28,0,508,28.28,82.5,0.51,0,6.3,85.4,0
28-04-2019,495480,3351.049802,55,42,48,0,23,16,0,89,87,59,42,26,21,26,0,534,28.91,83.07,0.14,0,6.27,23.15,0
05-05-2019,420111,3456.309586,50,31,10,32,16,8,24,71,76,48,53,42,39,30,0,530,28.29,82.19,0.16,0,9.71,26.5,0
12-05-2019,420035,3580.443128,38,49,38,0,9,7,0,69,69,34,34,35,34,19,26,461,28.76,79.47,0.12,0,10.17,19.9,0
19-05-2019,420051,3568.569485,50,69,58,45,20,11,0,62,68,63,35,0,47,29,0,557,28.59,82.35,0.14,0,8.69,22.85,0
26-05-2019,558789,3515.677802,55,73,54,40,13,10,0,54,53,43,38,0,71,31,0,535,28.3,84.86,0.25,0,6.41,42.7,0
02-06-2019,309783,3193.503725,60,28,0,97,17,10,22,55,62,36,31,79,52,29,20,598,28.17,85.43,0.37,0,8.44,61.6,0
09-06-2019,309776,3305.897765,55,41,17,0,13,8,16,37,44,28,45,47,56,31,0,438,27.3,87.61,0.61,0,9.34,102.95,0
16-06-2019,309869,3342.64197,49,53,25,0,11,6,0,32,44,22,12,77,75,24,0,430,27.03,88.81,0.66,0,11.53,110.55,0
23-06-2019,412068,3212.95654,40,80,78,0,19,10,23,60,65,51,41,52,38,28,57,642,26.69,89.34,0.53,0,12.72,88.65,0
07-07-2019,330455,3632.96625,50,39,15,0,15,9,44,69,59,48,38,0,54,25,0,465,26.95,89.11,0.29,0,8.61,48.65,0
14-07-2019,330353,3572.072473,51,23,13,0,14,11,0,42,35,40,29,52,62,31,0,403,26.53,87.16,0.4,0,8.64,66.7,0
21-07-2019,330277,3610.131083,60,14,9,39,15,10,72,33,66,65,33,51,63,38,100,668,25.41,91.1,1.47,0,14.41,246.8,0
28-07-2019,439423,3618.830194,43,44,29,93,15,9,54,46,72,39,20,51,51,22,0,588,25.85,87.57,0.25,0,10.24,41.75,0
04-08-2019,305114,3364.187261,58,68,49,61,54,80,45,61,60,12,53,72,55,52,0,780,26.92,86.74,0.15,0,7.78,25.1,0
11-08-2019,305058,3495.203244,45,60,47,30,32,47,0,49,42,35,81,30,37,29,0,564,25.32,92.84,0.99,0,10.6,165.8,0
18-08-2019,305050,3339.283397,44,46,12,51,15,9,0,46,43,26,40,0,72,28,20,452,25.79,90.17,0.8,0,12.09,135.1,0
25-08-2019,405953,3418.326097,40,49,21,0,14,11,0,48,54,46,46,61,66,28,30,514,25.62,90.46,0.71,0,8.02,119,0
01-09-2019,339127,4007.639326,36,49,20,0,9,9,0,54,52,55,27,43,16,20,0,390,25.86,89.62,0.91,0,10.53,152.85,0
08-09-2019,339122,4031.391499,42,53,42,0,12,13,29,61,93,29,44,0,36,27,0,481,26.21,89.75,0.35,0,10.41,58.6,0
15-09-2019,339086,3912.630636,53,49,0,0,15,7,44,71,49,28,42,44,54,29,27,512,26.49,87.68,0.25,0,9.58,42,0
22-09-2019,451002,3949.338539,45,36,0,0,14,9,40,46,67,38,38,37,81,29,0,480,26.49,88.45,0.4,0,7.41,67.85,0
06-10-2019,368112,4111.394277,46,33,0,0,13,7,15,43,56,38,38,25,62,30,0,406,26.66,86.44,0.25,0,4.97,42.05,0
13-10-2019,368193,4209.670316,45,55,51,0,13,8,26,32,61,37,39,0,35,24,0,426,26.52,86.99,0.23,0,5.09,38.5,0
20-10-2019,368142,4318.745919,46,19,13,0,18,15,0,49,51,20,12,32,37,30,0,342,26.2,89.22,0.75,0,5.4,126.5,0
27-10-2019,489646,4230.189489,45,43,22,37,15,9,0,54,68,26,35,34,37,27,0,452,25.79,87.41,0.56,0,7.02,94.25,0
03-11-2019,381731,3723.058157,61,64,33,0,18,11,29,47,98,46,39,22,71,29,23,591,26.04,87.21,0.53,0,7.27,89.45,0
10-11-2019,381682,3728.477456,58,53,36,0,15,10,29,46,67,33,27,40,37,33,0,484,26.86,85.85,0.29,0,5.13,48.55,0
17-11-2019,381699,3757.741668,61,55,43,0,15,9,28,51,82,60,45,27,90,33,0,599,27.2,84.76,0.15,0,4.3,25.35,0
24-11-2019,507778,3718.722718,54,47,17,32,13,12,55,49,81,41,31,23,57,30,0,542,27.24,84.79,0.14,0,4.47,24,0
01-12-2019,451052,4315.85286,50,47,37,0,15,9,19,54,77,50,20,29,38,28,34,507,27.28,83.93,0.19,0,6.01,31.75,0
08-12-2019,451001,4362.376218,62,37,17,0,17,12,26,51,68,35,35,0,51,26,27,464,27.04,81.61,0.04,0,6.68,6.65,0
15-12-2019,450974,4299.623782,70,50,38,0,20,14,96,54,44,19,40,48,56,28,16,593,27.06,80.73,0.03,0,5.05,4.25,0
22-12-2019,599996,4346.14714,67,30,25,95,15,9,56,74,43,51,29,52,70,30,0,646,26.97,79.32,0.12,0,6.76,19.6,0
05-01-2020,398460,2251.322073,61,46,26,0,20,13,14,36,82,29,34,37,61,23,35,517,27.61,78.27,0.01,0,5.26,1.4,0
12-01-2020,398422,2316.407688,44,55,34,24,10,6,49,38,51,15,40,46,16,29,21,478,27.43,72.09,0,0,6.31,0.05,0
19-01-2020,398487,2252.389051,49,33,19,0,11,6,33,36,38,44,40,35,37,28,0,409,27.32,71.32,0,0,6.23,0.15,0
26-01-2020,529922,2339.881188,46,0,0,0,6,5,29,23,61,11,44,47,41,25,0,338,28.47,70.31,0,0,7,0.1,0
02-02-2020,319553,1800.449298,36,15,19,0,15,7,43,25,38,34,32,33,25,24,18,364,27.76,72.39,0,0,6.66,0.6,0
09-02-2020,319551,1768.219033,47,26,22,0,11,8,21,22,41,25,25,32,30,29,0,339,27.85,72.33,0.02,0,6.54,3.6,0
16-02-2020,319602,1777.11014,40,58,34,0,11,8,0,38,71,12,32,48,50,26,0,428,28.75,69.43,0,0,6.88,0.05,0
23-02-2020,425245,1778.221529,37,20,0,0,11,7,0,38,66,29,40,0,34,23,0,305,28.65,66.68,0,0,7.33,0.15,0
01-03-2020,136467,3438.007105,31,33,29,0,10,6,26,29,49,13,29,20,10,20,0,305,28.78,69.48,0.02,0,7.01,3.45,0
08-03-2020,136479,3521.967317,50,24,24,0,9,5,0,26,26,24,26,0,35,22,0,271,28.34,75.96,0.07,0,6.76,12.05,0
15-03-2020,136482,3382.397095,53,36,23,36,21,21,0,28,26,0,19,17,17,22,0,319,28.67,76.35,0.07,0,5.99,12.5,0
22-03-2020,181233,3469.628483,45,22,10,0,8,3,34,10,11,0,0,44,46,13,0,246,29.25,73.21,0.05,0,6.76,7.8,0
05-04-2020,742,3036.411161,17,11,0,0,1,2,0,0,0,0,0,49,15,7,0,102,29.33,75.02,0.02,0,6.03,2.95,0
12-04-2020,737,2897.282143,18,15,17,42,0,0,17,3,12,0,8,30,27,10,0,199,28.85,77,0.08,0,6.52,13.05,0
19-04-2020,730,2980.122321,25,0,0,0,0,0,28,0,0,27,8,0,14,8,0,110,29.42,75.86,0.04,0,5.28,7,0
26-04-2020,1182,2981.184375,9,0,8,39,10,3,0,0,6,0,0,0,0,7,17,99,28.59,81.87,0.21,0,6.46,34.55,0
03-05-2020,1710,3255.969585,36,0,0,0,9,6,0,13,9,0,9,25,38,11,14,170,28.98,80.82,0.24,0,8.5,40.45,0
10-05-2020,1686,3299.894976,40,34,22,0,16,11,0,4,0,78,0,30,31,9,0,275,28.37,85.09,0.22,0,5.85,37.6,0
17-05-2020,1650,3193.375903,44,42,34,26,14,9,0,7,10,34,16,26,41,14,0,317,27.62,87.37,0.51,0,6.91,86.45,0
24-05-2020,2324,3320.759536,58,0,12,41,10,8,0,11,14,16,15,48,48,8,0,289,27.31,88.98,0.54,0,10.83,90.15,0
07-06-2020,6764,3351.04814,48,26,8,0,11,5,16,12,5,32,8,22,36,14,22,265,26.49,90.53,0.97,0,8.7,163.75,0
14-06-2020,6795,3245.757112,28,30,0,0,6,7,16,8,12,0,0,31,45,7,0,190,26.58,88.88,0.38,0,10.25,63.3,0
21-06-2020,6800,3314.5186,35,0,0,0,9,5,0,6,13,10,0,19,25,15,0,137,26.75,88.76,0.4,0,10.71,67.65,0
28-06-2020,8874,3345.676149,38,13,16,25,4,0,24,5,0,0,12,63,40,12,0,252,26.22,88.85,0.59,0,9.65,99.05,0
05-07-2020,9313,3613.002959,49,16,10,0,3,1,14,8,30,13,0,0,43,9,0,196,26.2,89.57,0.47,0,9.58,78.35,0
12-07-2020,9294,3619.54233,28,0,0,0,0,2,0,0,10,0,20,22,11,13,0,106,26.34,86.12,0.32,0,9.62,53.1,0
19-07-2020,9288,3579.216204,33,0,0,0,6,3,45,6,10,0,0,27,16,10,0,156,26.11,88.25,0.55,0,10.38,92.45,0
26-07-2020,12494,3555.238507,28,33,19,0,5,4,0,0,20,0,0,32,24,12,0,177,26.33,88.15,0.3,0,7.41,50.7,0
02-08-2020,14163,3580.103342,47,25,7,0,4,2,0,10,8,0,0,19,44,100,60,326,25.83,89.83,1.03,0,11.98,172.95,0
09-08-2020,14050,3654.415621,33,0,0,0,3,4,27,9,29,0,0,13,43,36,0,197,25.51,92.38,1.35,0,12.36,226.8,0
16-08-2020,14175,3635.837552,25,33,14,0,9,5,19,9,23,25,10,0,55,17,0,244,26.32,87.54,0.19,0,10.4,31.75,0
23-08-2020,18763,3680.643485,26,22,31,0,5,5,16,18,0,9,0,15,29,13,0,189,26.79,85.8,0.05,0,10.21,8.85,0
06-09-2020,29186,3783.507596,23,23,15,0,9,7,0,20,19,0,0,0,22,14,0,152,26.41,86.97,0.6,0,8.72,100,0
13-09-2020,29242,3636.951904,18,25,0,0,9,5,30,16,22,21,17,33,13,11,0,220,25.48,91.04,0.76,0,8.23,126.95,0
20-09-2020,29210,3752.25675,29,15,12,28,7,5,0,16,15,18,0,12,0,13,0,170,25.53,90.71,0.65,0,11.99,109.6,0
27-09-2020,38720,3794.28375,15,31,0,0,8,2,35,5,11,0,10,0,10,10,0,137,25.97,89.31,0.4,0,10.18,66.8,0
04-10-2020,48639,3820.03308,24,33,20,55,13,7,40,22,29,21,7,0,34,10,0,315,26.23,86.78,0.11,0,8.97,18.2,0
11-10-2020,48551,3799.65671,23,0,0,62,8,6,43,16,21,0,13,40,32,15,0,279,26.17,87.29,0.34,0,9.24,57.4,0
18-10-2020,48668,3894.031475,28,21,17,0,8,7,56,19,25,48,9,16,31,14,0,299,25.87,89.59,0.48,0,11.36,81.2,0
25-10-2020,64573,3853.278735,29,22,9,41,5,4,26,15,31,34,13,37,25,18,0,309,26.35,85.6,0.05,0,7.58,7.6,0
01-11-2020,76044,3537.41129,16,18,21,0,5,3,34,17,25,24,15,0,20,14,0,212,26.73,85.4,0.09,0,5.64,15.55,0
08-11-2020,75925,3625.873217,28,0,16,0,3,5,27,11,30,29,0,39,44,15,43,290,26.94,85.85,0.14,0,4.37,23.1,0
15-11-2020,75960,3501.173874,30,28,9,50,8,6,24,18,16,42,0,74,46,16,0,367,27.15,84.02,0.11,0,5.21,19.25,0
22-11-2020,101162,3458.54162,25,0,13,0,5,5,35,12,37,45,0,44,32,16,16,285,26.67,85,0.31,0,5.72,52.05,0
06-12-2020,111181,4182.922326,29,20,9,29,6,6,0,10,15,31,30,31,20,16,0,252,26.53,84.61,0.24,0,5.1,40.25,0
13-12-2020,111227,4303.897933,35,33,17,0,8,5,41,16,28,21,16,24,32,18,0,294,26.97,82,0.14,0,5.37,22.8,0
20-12-2020,111242,4226.51714,35,19,8,33,8,4,88,23,31,25,0,35,46,24,16,395,26.01,83.49,0.18,0,5.28,29.5,0
27-12-2020,148005,4264.662601,38,30,0,42,10,3,0,12,22,40,11,0,37,17,0,262,26.36,79.51,0.05,0,6.42,8.35,0
03-01-2021,181973,2046.229169,33,11,0,34,6,4,32,11,27,18,0,43,38,22,0,279,26.67,79.52,0.03,0,5.68,4.75,0
10-01-2021,182043,2033.140283,35,25,0,0,6,4,38,21,49,0,24,25,14,23,0,264,26.15,86.82,0.28,0,4.69,46.6,0
17-01-2021,182091,2116.036561,30,37,24,0,3,5,0,21,30,0,14,25,26,20,0,235,25.87,87.63,0.45,0,5.43,75.45,0
24-01-2021,242078,2038.593986,27,21,18,45,4,5,19,28,17,17,20,0,22,23,0,266,26.47,81.88,0.06,0,5.46,9.5,0
07-02-2021,168160,1695.142679,22,40,13,0,9,4,36,21,26,14,32,29,44,17,16,323,27.11,72.26,0,0,6.73,0,0
14-02-2021,168136,1704.755964,30,18,0,0,11,6,21,8,23,22,23,0,24,15,0,201,26.2,68.79,0,0,7.11,0,0
21-02-2021,168174,1702.619679,27,22,25,0,8,4,23,23,31,15,17,0,26,21,31,273,27.12,76.71,0.02,0,6.15,4,0
28-02-2021,223734,1747.481678,16,17,0,0,5,4,16,16,21,36,0,0,8,17,0,156,27.85,77.9,0.03,0,5.97,4.6,0
07-03-2021,157864,3242.778673,16,0,11,0,8,4,21,22,41,39,16,0,20,16,0,214,27.81,72,0,0,7.05,0.55,0
14-03-2021,157971,3206.735663,18,11,12,24,6,6,0,13,37,44,9,21,22,21,0,244,28.11,74.98,0.07,0,6.2,12.3,0
21-03-2021,157941,3249.331948,38,0,10,34,6,3,19,19,35,34,30,0,19,15,0,262,28.25,74.68,0.05,0,5.69,8,0
28-03-2021,210025,3176.153716,15,30,0,0,0,0,18,18,21,16,40,37,22,16,0,233,28.48,77.49,0.06,0,5.49,10.55,0
04-04-2021,86167,3239.624019,21,19,16,0,0,5,55,11,36,14,0,21,38,16,0,252,28.27,78.06,0.15,0,9.94,24.45,0
11-04-2021,86176,3291.596597,19,23,0,65,6,5,0,6,22,30,12,27,9,14,46,284,28.4,78.85,0.05,0,6.79,8.6,0
18-04-2021,86273,3319.74841,21,0,0,0,6,4,0,18,16,0,7,18,0,14,0,104,27.24,83.7,0.34,0,4.81,57.7,0
25-04-2021,114674,3258.030974,24,0,0,0,6,3,0,21,12,19,15,37,24,19,27,207,27.88,82.86,0.15,0,6.89,25.8,0
02-05-2021,15367,2860.287584,39,47,14,0,7,9,18,16,20,18,0,55,28,11,0,282,27.84,84.55,0.32,0,5.28,53.55,0
09-05-2021,15272,2995.520693,27,10,0,0,8,7,0,10,7,0,0,35,36,9,20,169,27.61,85.16,0.22,0,4.41,37.65,0
16-05-2021,15402,2917.171352,24,23,12,0,0,3,40,5,0,0,0,14,39,9,45,214,26.47,90.78,1.32,0,8.82,221.1,0
23-05-2021,20670,2871.020371,30,0,0,0,8,7,51,0,5,0,0,29,25,8,0,163,27.03,88.43,0.64,0,6.55,107.15,0
06-06-2021,27810,3039.508596,24,31,12,64,6,4,0,12,18,14,21,0,36,14,0,256,26.63,87.82,0.48,0,8.67,80.85,0
13-06-2021,27838,2921.638963,23,24,22,0,10,7,0,5,18,0,15,0,28,12,0,164,26.55,87.81,0.39,0,11.03,65.2,0
20-06-2021,27826,2917.273421,27,25,0,0,3,4,0,14,22,0,0,27,15,14,0,151,26.42,88.31,0.37,0,11.92,62.75,0
27-06-2021,36999,2992.57902,28,32,0,0,7,4,0,9,0,19,32,39,29,15,0,214,26.37,87.07,0.17,0,11.28,28.4,0
04-07-2021,95689,3244.755217,28,39,0,55,7,2,35,24,13,43,24,16,23,8,0,317,26.57,87.06,0.27,0,9.16,45.55,0
11-07-2021,95676,3207.20018,30,28,0,38,5,4,15,12,19,36,0,34,14,11,0,246,26.09,87.85,0.74,0,13.14,124.15,0
18-07-2021,95581,3378.88035,20,12,0,0,8,5,26,8,30,33,0,24,16,10,0,192,25.88,87.98,0.22,0,13.09,37.65,0
25-07-2021,127243,3280.164252,30,17,8,26,0,2,38,10,33,0,15,0,28,15,0,222,25.84,89.63,0.53,0,14.52,89.25,0
01-08-2021,144840,1011.716385,24,14,0,38,0,2,0,12,10,17,11,35,36,15,0,214,26.16,87.33,0.31,0,12.84,52.55,0
08-08-2021,144929,960.7427225,26,0,10,0,6,4,0,9,10,16,8,0,44,19,17,169,25.74,89.07,0.41,0,12.64,69.25,0
15-08-2021,144771,918.6340449,16,14,12,57,4,5,33,12,14,28,0,14,36,14,0,259,25.57,88.75,0.34,0,12.56,57.1,0
22-08-2021,192252,1105.906848,24,10,0,61,6,4,23,25,27,0,14,36,35,13,0,278,25.7,89.13,0.38,0,8.4,63.8,0
05-09-2021,166023,3172.834359,13,16,11,0,5,2,0,9,16,26,16,52,17,15,0,198,25.58,89.49,0.39,0,9.7,66.25,0
12-09-2021,166072,3133.797436,23,0,34,0,8,5,0,5,41,10,0,0,0,15,50,191,25.98,88.3,0.26,0,10,44,0
19-09-2021,166033,3181.509231,17,22,10,0,7,4,0,5,7,31,21,100,17,12,18,271,26.38,88.25,0.23,0,10.37,39.2,0
26-09-2021,220817,3198.858974,21,16,10,0,2,2,17,14,6,21,0,0,15,18,0,142,26.77,85.97,0.15,0,11.55,24.6,0
03-10-2021,197640,3203.84141,15,15,10,0,7,4,0,14,25,25,12,31,28,13,0,199,25.61,90.14,0.57,0,8.77,95.95,0
10-10-2021,197624,3221.444934,19,34,0,0,8,7,0,24,27,28,25,39,12,17,0,240,26.17,89.06,0.4,0,6.23,67.1,0
17-10-2021,197528,3279.756608,27,13,0,0,6,4,0,22,18,0,0,40,34,25,15,204,25.96,89.71,0.91,0,10.34,153.2,0
24-10-2021,262890,3281.957048,22,17,8,0,5,4,0,15,12,53,13,30,19,13,0,211,26.43,86.89,0.35,0,6.93,59.2,0
07-11-2021,214554,1960.882353,26,35,0,0,7,6,22,17,41,43,31,53,21,16,0,318,26.02,88.49,0.43,0,5.59,73.05,0
14-11-2021,214532,2020.533088,24,18,21,0,7,8,0,20,30,42,39,35,20,19,0,283,25.64,89.28,0.74,0,9.16,124.3,0
21-11-2021,214624,1971.727941,35,0,0,0,10,6,0,25,41,17,16,14,25,18,61,268,26.04,86.74,0.51,0,7.36,85.55,0
28-11-2021,285552,2011.856618,23,38,23,0,7,3,0,12,34,39,17,0,27,18,15,256,25.44,90.01,0.74,0,5.62,123.9,0
05-12-2021,284531,2260.226468,21,34,22,0,13,3,44,30,42,43,15,29,19,16,16,347,26.42,86.59,0.2,0,4.94,33.4,0
12-12-2021,284471,2121.052619,34,18,21,0,2,5,100,34,54,48,20,0,27,27,0,390,26.86,83.44,0.06,0,4.96,10.7,0
19-12-2021,284504,2224.623855,18,20,21,0,8,9,26,30,50,36,22,48,41,15,24,368,27.27,78.86,0,0,5.36,0.1,0
26-12-2021,378577,2231.097058,31,22,9,0,5,5,25,29,61,31,34,0,35,16,0,303,26.53,75.65,0,0,5.92,0,0
02-01-2022,285039,1868.593458,25,37,0,44,8,3,0,36,36,0,20,52,17,23,34,335,27.08,71.23,0,0,6.64,0.05,0
09-01-2022,284995,1749.742991,23,18,0,0,3,4,0,31,31,28,11,36,17,22,0,224,27.33,74.25,0,0,6.25,0.4,0
16-01-2022,284993,1732.135514,20,18,8,0,3,4,0,24,29,62,12,15,0,16,0,211,27.27,73.44,0,0,7.53,0.4,0
23-01-2022,378835,1714.528037,19,0,0,0,6,3,0,11,0,35,13,44,32,20,0,183,27.33,73.02,0.01,0,7.9,1.1,0
06-02-2022,268485,1627.354839,31,43,0,0,11,7,16,20,37,0,39,0,39,20,41,304,27.52,74.81,0.01,0,6.82,2.1,0
13-02-2022,268364,1532.641065,24,37,15,0,6,5,23,23,22,43,29,47,23,26,21,344,27.32,73.67,0.06,0,6.06,10.65,0
20-02-2022,268373,1610.134153,27,18,9,19,10,6,18,24,44,50,37,0,40,24,17,343,27.48,74.79,0.04,0,6.27,6,0
27-02-2022,356813,1535.869944,29,28,12,0,7,5,21,30,34,34,0,47,36,29,19,331,28.22,72.32,0.01,0,6.58,1.85,0
06-03-2022,323071,3017.943213,37,28,48,0,11,8,0,28,55,39,30,13,39,25,15,376,28.04,68.35,0.01,0,6.46,1.05,0
13-03-2022,323099,3131.048111,26,24,18,0,9,6,15,34,53,26,42,0,30,25,0,308,28.23,74.21,0.02,0,6.17,2.85,0
20-03-2022,323101,3158.236789,40,38,6,0,15,9,30,46,59,79,40,27,32,28,0,449,28.15,78.27,0.12,0,7.88,19.65,0
27-03-2022,429646,3102.771887,35,44,11,25,13,8,15,31,51,30,33,44,52,28,0,420,28,79.46,0.11,0,7.22,17.7,0
03-04-2022,372024,3033.101636,25,19,15,0,14,7,0,37,62,58,42,43,38,28,19,407,27.88,82.35,0.12,0,5.02,19.65,0
10-04-2022,372050,3061.622664,30,48,28,29,12,7,61,100,79,90,36,54,50,28,0,652,27.14,84.12,0.58,0,5.55,97.5,0
17-04-2022,372142,2987.029206,36,47,22,19,9,8,36,67,72,75,41,29,41,24,0,526,26.99,86.1,0.61,0,5.75,102.5,0
24-04-2022,494918,3125.246495,36,32,13,0,13,8,38,56,76,65,32,58,54,24,45,550,27.85,84.24,0.17,0,6.21,29.3,0
01-05-2022,441220,2410.995702,26,57,8,0,17,9,42,54,73,71,28,16,26,29,13,469,28.36,84.83,0.16,0,6.92,27,0
08-05-2022,441292,2360.317349,32,60,20,0,14,8,38,61,89,56,46,59,48,29,0,560,27.82,85.31,0.22,0,10.08,36.5,0
15-05-2022,441236,2374.334766,39,37,18,0,9,12,0,63,49,62,59,0,36,28,38,450,26.36,88.89,0.75,0,11.53,126,0
22-05-2022,586869,2388.352183,37,49,10,34,19,15,0,58,60,95,79,46,59,30,0,591,25.92,91.48,1.02,0,10.64,171.6,0
05-06-2022,364624,2616.163165,28,33,20,0,18,11,21,56,53,68,62,76,53,32,0,531,26.66,87.3,0.29,0,8.46,48.4,0
12-06-2022,364600,2441.466485,24,23,0,0,12,9,0,53,52,54,61,72,31,30,32,453,26.4,88.6,0.38,0,8.53,63.65,0
19-06-2022,364748,2595.799748,34,39,24,0,19,11,17,40,57,61,46,38,24,25,15,450,26.32,87.13,0.4,0,9.79,66.6,0
26-06-2022,485056,2547.570603,35,53,15,0,10,7,35,44,72,61,23,45,35,31,30,496,26.08,88.31,0.44,0,10.8,73.75,0
03-07-2022,330824,2971.201944,46,25,29,100,13,8,0,49,60,80,43,52,35,31,0,571,25.52,90.78,0.79,0,14.37,133.05,0
10-07-2022,330742,3093.199784,34,19,17,0,13,9,24,39,56,25,44,41,18,31,18,388,25.29,89.43,0.84,0,14.7,140.5,0
17-07-2022,330820,3155.307775,32,9,11,33,14,8,37,34,39,52,34,66,28,32,0,429,25.72,89.88,0.56,0,12.21,94.9,0
24-07-2022,439921,3104.290497,29,11,20,26,11,8,0,58,68,68,26,40,46,31,0,442,25.57,89.13,0.44,0,13.89,74.15,0
07-08-2022,341939,3597.814773,31,39,20,0,11,6,0,63,72,73,30,67,35,33,0,480,24.83,91.79,1.75,0,15.24,293.8,0
14-08-2022,341941,3625.804954,24,22,42,0,10,6,33,42,46,64,37,71,0,32,0,429,26.39,85.78,0.19,0,11.99,32.75,0
21-08-2022,341906,3588.125865,33,34,13,0,15,12,28,53,64,50,38,77,33,34,0,484,26.5,85.37,0.16,0,12.67,26.2,0
28-08-2022,454856,3660.254407,31,12,15,0,15,10,17,41,78,73,35,43,18,26,0,414,24.84,91.24,1.34,0,11.9,225.6,0
04-09-2022,363179,3691.209274,38,43,40,0,10,8,0,64,100,42,39,27,37,30,20,498,25.54,89.95,0.52,0,8.29,87.95,0
11-09-2022,363088,3538.926201,46,17,20,0,12,8,19,60,42,71,17,61,45,29,0,447,25.6,89.89,0.52,0,10.83,86.6,0
18-09-2022,363090,3704.45128,33,49,39,33,16,12,0,33,51,68,38,60,74,26,33,565,26.26,86.88,0.11,0,9.46,18.95,0
25-09-2022,482937,3629.413244,38,28,16,0,16,9,0,68,63,71,43,45,19,28,31,475,26.38,84.98,0.06,0,10.25,9.95,0
02-10-2022,401656,3068.052487,32,25,13,0,13,9,0,56,88,68,58,59,31,23,30,505,26.13,85.8,0.2,0,11.3,33.8,0
09-10-2022,401661,3156.543624,30,33,12,0,11,7,0,43,51,31,27,40,59,30,52,426,25.77,87.43,0.14,0,10.13,23.65,0
16-10-2022,401797,3122.010497,29,28,16,0,15,10,16,68,63,66,58,23,46,33,0,471,26.22,85.08,0.23,0,6.36,38.6,0
23-10-2022,534172,3195.393392,35,25,27,0,14,9,0,52,58,70,40,41,39,29,0,439,25.48,90.17,0.85,0,6.68,143.5,0
06-11-2022,388686,1769.732283,36,19,12,0,17,11,0,48,73,57,34,47,55,33,19,461,25.8,89.33,0.48,0,4.33,80.85,0
13-11-2022,388583,1743.351181,35,61,41,40,16,8,48,48,62,70,34,17,33,32,14,559,25.87,86.97,0.27,0,4.64,45.6,0
20-11-2022,388591,1727.962205,34,25,16,0,14,9,39,32,51,70,46,41,39,28,0,444,25.93,86.34,0.19,0,4.09,31.5,0
27-11-2022,516772,1738.954331,34,31,30,43,12,7,22,50,40,64,48,34,44,28,35,522,25.98,80.6,0.03,0,6.05,4.65,0
04-12-2022,476780,2208.02919,37,33,13,0,13,10,28,62,56,54,47,47,56,27,25,508,26.3,85.6,0.15,0,4.01,25.95,0
11-12-2022,476803,2366.856239,43,32,31,33,16,12,43,63,66,76,50,63,32,34,37,631,25.67,85.17,0.16,0,7.52,27.2,0
18-12-2022,476948,2311.322306,33,8,32,0,24,15,0,86,54,100,21,88,51,31,0,543,25.98,82.25,0.11,0,6.02,19.3,0
25-12-2022,634129,2245.792265,35,45,23,69,15,9,20,74,89,83,84,0,41,31,0,618,26.61,81.62,0.03,0,5.59,5.75,0