Date,Domestic Visitors,Foreign Visitors,shimla flights,shimla buses,buses - shimla,cars - shimla,trains - shimla,shimla trains,shimla cars,shimla bus booking,Shimla bus timings,Shimla train booking,Shimla train timings,Shimla flight booking,Flights in Shimla,Shimla airport,Flights near Shimla:,Total Transport,temperature_2m (Â°C),relativehumidity_2m (%),windspeed_10m (km/h),rain (mm)_sum,snowfall (cm)_sum
2010-01-03,38127,1768,0,0,0,0,0,21,0,29,0,0,44,0,0,0,81,175,3.815278,65.06944,4.45,10.6,2.1
2010-01-10,38139,1752,0,29,30,43,0,20,41,0,56,0,27,29,0,36,0,311,3.839286,67.27381,5.09881,0.2,0
2010-01-17,38167,1779,23,18,0,0,0,0,0,0,0,0,0,0,0,61,43,145,2.242857,62.92857,5.214286,2.3,9.94
2010-01-24,50814,1764,0,0,0,52,44,0,0,100,0,0,0,0,0,0,36,232,3.832143,59.34524,4.985714,0.7,0
2010-02-07,36032,1514,0,0,31,0,29,0,0,0,0,0,0,0,0,25,0,85,4.267857,61.23214,5.006548,11.7,0.21
2010-02-14,35886,1617,0,60,0,0,0,21,0,53,0,25,0,0,0,0,0,159,1.544643,75.67857,5.178571,51.9,26.11
2010-02-21,35935,1599,0,0,31,26,0,0,0,0,0,0,46,0,0,28,0,131,4.284524,57.9881,5.270833,0.9,0.21
2010-02-28,47701,1574,0,0,69,0,0,0,0,0,0,0,24,0,0,0,39,132,7.839881,65.8631,4.8125,7.4,0.42
2010-03-07,40781,3128,37,0,0,0,0,19,0,0,0,0,0,0,0,34,0,90,7.618452,64.50595,5.294643,23.9,0.07
2010-03-14,40793,3173,24,0,36,0,0,53,0,0,0,0,61,77,0,0,0,251,9.101786,56.5,5.270238,1.1,0
2010-03-21,40732,3075,50,63,0,0,32,21,27,67,0,100,33,0,0,40,0,433,12.6506,60.41667,4.804762,0,0
2010-03-28,54245,3033,0,43,46,0,66,0,0,0,100,0,49,0,0,0,100,404,15.02262,43.625,5.036905,0.3,0
2010-04-04,81171,3024,56,0,0,0,39,0,55,58,34,0,0,0,61,14,0,317,12.67976,44.64881,5.42381,8.4,0
2010-04-11,81135,2995,0,0,0,80,75,0,0,0,0,0,0,21,0,26,0,202,16.22976,32.49405,5.520833,0.6,0
2010-04-18,81205,3104,0,0,27,0,0,20,0,33,0,26,32,0,0,53,0,191,17.03869,37.9881,6.345238,8.2,0
2010-04-25,107882,3082,0,0,0,0,50,36,27,0,0,0,32,54,0,35,0,234,14.3131,53.88095,6.078571,22.1,0
2010-05-02,83153,2240,0,53,0,0,61,38,0,0,38,0,62,0,0,0,93,345,16.41607,46.80357,5.016667,8.9,0
2010-05-09,83168,2402,0,0,74,75,82,100,0,68,0,18,0,36,0,63,0,516,16.19643,59.625,5.244048,16.6,0
2010-05-16,83293,2452,0,37,31,29,60,41,0,39,29,0,0,41,0,38,0,345,17.17143,38.97619,5.908929,3.8,0
2010-05-23,110482,2438,0,31,98,0,47,0,0,75,31,26,74,78,0,34,0,494,18.01845,44.54762,5.793452,14.7,0
2010-06-06,91954,2618,45,22,100,0,79,57,0,0,0,0,0,28,0,24,0,355,18.74286,43.08929,5.294643,3,0
2010-06-13,91988,2524,0,24,0,50,0,0,23,0,0,0,0,79,0,16,0,192,15.32262,70.82738,4.473214,118.3,0
2010-06-20,92031,2577,40,0,44,0,43,26,51,0,0,0,0,0,39,34,0,277,17.86667,62.2381,4.794048,7,0
2010-06-27,122479,2481,26,0,61,85,63,0,21,83,0,0,0,32,48,53,0,472,18.93274,68.27976,4.864286,8.6,0
2010-07-04,41697,3133,0,0,0,0,65,0,0,52,0,0,0,0,0,0,0,117,18.45536,79.51786,4.141667,16.3,0
2010-07-11,41653,3051,0,0,50,40,100,0,0,60,0,0,0,0,0,24,0,274,17.68393,89.26786,3.805952,132.6,0
2010-07-18,41703,3011,27,52,27,0,55,29,0,0,0,21,23,0,0,31,0,265,18.06369,90.00595,3.333929,44.9,0
2010-07-25,55414,3127,59,0,45,0,31,0,100,0,0,0,0,0,0,0,0,235,18.18095,90.6131,3.322024,88.1,0
2010-08-01,27681,3619,39,0,0,0,0,52,33,0,0,21,0,19,0,0,0,164,17.87381,92.42857,3.304167,80.7,0
2010-08-08,27691,3545,100,0,0,0,0,0,0,29,0,0,0,0,0,28,0,157,17.90417,91.9881,3.320238,89.3,0
2010-08-15,27560,3613,0,0,0,0,47,28,28,0,0,0,0,30,0,0,0,133,17.62202,92.89881,3.130952,125.7,0
2010-08-22,36637,3693,51,0,56,0,0,52,68,35,0,0,0,25,36,23,0,346,17.84821,93.76786,3.260714,92.9,0
2010-09-05,42759,3614,0,0,0,0,0,51,0,0,0,47,20,0,46,38,0,202,17.44167,93.73214,3.249405,49.2,0
2010-09-12,42799,3675,25,0,0,23,73,61,43,37,42,0,0,0,0,0,0,304,16.60893,91.49405,3.480952,156.1,0
2010-09-19,42835,3589,0,33,0,0,0,20,0,32,0,36,81,0,0,0,0,202,14.21429,87.32738,4.007738,166.1,0
2010-09-26,56850,3684,27,0,27,0,0,24,0,0,0,0,0,0,0,0,0,78,14.81131,86.66071,3.391071,83.8,0
2010-10-03,28377,3112,45,21,27,0,0,0,0,0,0,0,0,0,0,25,73,191,14.23869,77.41071,4.193452,0.6,0
2010-10-10,28316,3102,31,23,53,30,41,0,0,0,0,0,0,0,0,55,0,233,12.98393,76.1131,4.382738,2.8,0
2010-10-17,28366,3153,27,0,0,0,29,33,0,0,0,0,33,34,55,12,0,223,13.32321,72.6131,4.266667,1.8,0
2010-10-24,37760,3172,0,44,31,0,77,35,39,0,35,0,0,0,0,20,0,281,11.05298,79.73214,4.617857,24.7,0
2010-11-07,23461,1687,20,0,31,0,0,0,0,0,0,30,0,0,0,25,0,106,9.975595,68.75,4.469643,0,0
2010-11-14,23481,1763,0,0,0,31,0,24,0,0,0,0,57,0,0,17,0,129,9.282143,61.95238,4.352976,0,0
2010-11-21,23519,1796,24,0,0,0,71,0,0,24,0,0,0,0,48,28,0,195,7.879762,70.94048,4.502976,11.3,0
2010-11-28,31079,1731,0,0,0,40,32,31,0,29,55,0,0,17,0,12,0,216,8.371429,77.3869,4.368452,0.5,0
2010-12-05,38972,2310,36,38,43,0,0,36,44,0,0,17,0,0,0,0,0,214,5.134524,67.5,4.572024,0,0
2010-12-12,38988,2260,26,0,0,24,58,54,0,0,34,0,52,0,0,27,0,275,5.335119,73.77976,4.639881,1.9,0
2010-12-19,38918,2296,0,0,47,0,0,0,0,0,0,23,0,26,51,100,41,288,3.913095,61.2381,3.969048,0,0
2010-12-26,51755,2264,32,0,90,0,44,55,0,0,0,0,0,0,0,0,0,221,3.388095,65.1131,4.153571,0.7,0
2011-01-02,42337,2010,25,48,29,0,0,19,22,0,0,0,0,0,0,22,0,165,1.672024,71.4881,5.310714,35.1,15.12
2011-01-09,42397,2078,20,35,0,24,47,27,35,0,29,0,0,0,0,0,40,257,0.594643,56.42857,5.135714,0.2,0
2011-01-16,42443,2120,25,0,71,0,34,35,0,0,0,23,0,0,81,24,0,293,0.992262,67.42262,4.9375,12.2,19.95
2011-01-23,56379,2024,0,17,0,0,0,19,0,0,0,0,44,0,0,0,0,80,0.082143,65.29167,4.57381,0.6,0.42
2011-02-06,40335,1764,0,72,0,0,30,48,0,30,0,24,0,0,52,0,0,256,5.792857,61.07143,5.575595,3.1,0.07
2011-02-13,40280,1676,85,0,0,19,0,40,0,60,0,0,0,0,55,24,28,311,4.766071,67.7619,5.544643,43.5,6.02
2011-02-20,40339,1710,40,0,0,50,36,27,26,0,0,0,27,0,0,40,0,246,2.143452,84.05952,4.319643,40.7,8.89
2011-02-27,53655,1698,38,0,47,0,29,16,0,0,0,23,0,0,0,23,23,199,2.891667,73.07738,4.8125,15.8,6.65
2011-03-06,45874,3212,17,34,32,0,32,38,0,32,29,0,37,0,0,15,0,266,4.939286,72.67857,5.055357,41.3,5.81
2011-03-13,45877,3181,0,32,35,0,65,28,0,26,0,0,0,0,0,23,0,209,6.645238,68.17857,4.713095,3.9,0
2011-03-20,45958,3302,37,0,0,0,45,19,56,0,37,19,32,0,80,14,0,339,10.73452,61.47024,5.539286,22.8,0
2011-03-27,61051,3179,0,16,18,0,25,69,0,21,53,29,21,15,46,11,0,324,10.06012,53.85119,5.609524,2.2,0
2011-04-03,91283,3279,37,32,42,0,43,47,0,28,21,0,0,0,40,66,0,356,9.503571,58.29167,5.916667,20.4,0
2011-04-10,91240,3314,23,0,44,0,67,0,0,87,0,0,0,32,0,0,27,280,8.685714,58.42262,5.977976,25.2,0.21
2011-04-17,91250,3234,0,31,0,0,62,64,0,0,0,29,44,0,0,32,0,262,10.77857,73.33929,5.215476,57.4,0
2011-04-24,121337,3279,24,34,71,0,39,30,33,0,0,40,19,0,0,24,0,314,10.63988,67.25,5.072024,26.7,0
2011-05-01,90203,2991,73,41,33,0,46,57,0,50,52,0,26,0,0,36,0,414,15.13095,59.08333,5.265476,5.2,0
2011-05-08,90225,2846,63,0,26,0,41,50,16,0,0,14,0,0,29,27,0,266,15.25238,59.25,4.798214,13.7,0
2011-05-15,90238,2894,77,41,0,0,0,32,0,55,23,56,34,28,0,25,0,371,17.05833,43.7619,5.430357,2.5,0
2011-05-22,119887,2911,43,43,48,23,0,31,0,45,0,37,18,0,0,33,0,321,18.1994,53.77381,5.635119,4,0
2011-06-05,99947,2986,0,17,62,0,81,22,0,78,0,49,27,29,0,21,0,386,16.40536,62.00595,5.167857,35.6,0
2011-06-12,99909,2975,28,29,31,0,0,19,0,28,65,21,0,0,0,17,0,238,17.25655,69.49405,4.754762,13.2,0
2011-06-19,99810,2963,21,29,62,0,0,37,0,0,36,20,39,20,0,12,68,344,17.64167,78.54167,4.34881,13.4,0
2011-06-26,132893,2945,0,63,0,60,48,44,0,63,0,55,38,20,0,23,0,414,18.36488,85.3631,3.726786,47.5,0
2011-07-03,45422,3230,30,24,47,0,31,0,0,0,0,0,0,0,0,14,0,146,17.4244,88.08929,3.734524,78.5,0
2011-07-10,45487,3283,41,0,0,0,52,0,0,0,0,0,17,20,41,18,0,189,17.43512,88.66071,3.604762,49,0
2011-07-17,45575,3286,34,26,77,0,0,20,0,0,0,0,0,30,0,0,28,215,17.66548,89.48214,3.753571,56.5,0
2011-07-24,60612,3310,31,33,0,21,61,46,0,0,51,0,52,0,0,44,0,339,17.83274,90.33333,3.433929,85,0
2011-08-07,51456,1029,0,40,40,0,47,26,15,0,48,0,43,0,0,27,0,286,18.19762,87.82738,3.897619,54.1,0
2011-08-14,51518,981,26,0,0,0,0,0,0,63,25,0,0,25,0,47,0,186,16.9756,92.52976,3.121429,159.6,0
2011-08-21,51459,1048,19,13,0,25,0,0,0,0,21,0,47,16,0,22,0,163,16.56667,91.67857,2.829167,234.5,0
2011-08-28,68437,937,30,20,37,0,0,24,0,44,52,20,19,0,0,30,0,276,17.2875,92.125,3.684524,76.1,0
2011-09-04,48092,3224,18,42,30,0,56,0,0,29,0,0,0,17,0,16,0,208,16.94048,89.30952,3.553571,46.4,0
2011-09-11,48126,3196,0,0,0,0,0,27,0,35,0,23,27,0,100,10,0,222,16.64286,92.00595,3.260119,55.4,0
2011-09-18,48072,3131,45,0,0,0,57,49,0,0,30,0,0,0,0,21,0,202,16.33274,87.72619,3.522024,17.7,0
2011-09-25,63654,3134,57,60,28,0,34,33,0,0,0,18,0,0,0,19,59,308,15.04524,82.78571,3.942262,4.5,0
2011-10-02,35798,3239,30,19,55,0,27,18,0,52,33,18,35,100,0,0,0,387,14.08869,84.16667,4.310714,4.2,0
2011-10-09,35770,3288,24,17,25,0,45,0,0,100,36,0,42,16,0,0,0,305,13.77619,80.35119,3.967262,8.1,0
2011-10-16,35772,3252,23,22,0,0,0,52,0,39,22,30,30,0,0,33,0,251,13.47798,74.20833,4.171429,0.4,0
2011-10-23,47376,3206,0,21,71,0,41,15,0,40,39,0,35,0,0,20,0,282,11.15119,64.78571,4.660119,2.6,0
2011-11-06,23715,1970,0,0,55,0,51,46,0,38,48,0,15,0,0,0,0,253,9.446429,64.55357,4.769643,0.3,0
2011-11-13,23850,2000,23,0,0,0,0,19,0,37,18,55,15,0,0,15,0,182,10.78929,69.08929,4.42381,1.3,0
2011-11-20,23866,2001,0,21,0,30,0,26,37,0,0,0,0,0,0,23,0,137,9.165476,63.88095,4.642857,0,0
2011-11-27,31836,1992,0,23,90,0,43,24,0,43,0,0,0,0,0,15,0,238,9.5,76.20238,3.882738,0,0
2011-12-04,36373,2284,16,47,35,0,87,78,23,0,0,23,28,18,36,0,47,438,8.739881,63.47619,4.067857,0,0
2011-12-11,36304,2213,38,0,44,46,0,46,0,0,22,0,40,23,0,62,0,321,6.58631,69.42262,4.029167,8.4,0.42
2011-12-18,36263,2155,0,14,23,0,40,0,37,0,0,0,55,33,0,49,32,283,4.444048,58.85714,4.154762,0,0
2011-12-25,48290,2183,0,28,53,20,0,54,0,43,24,14,47,37,0,13,24,357,3.689881,55.6131,4.595833,0,0
2012-01-01,45982,2286,32,29,0,0,18,23,14,0,0,28,0,36,0,0,0,180,3.929762,63.04167,4.554167,8.3,0.56
2012-01-08,45904,2305,19,0,0,0,44,36,0,45,0,0,0,0,0,0,0,144,0.327381,85.89286,4.607738,12.6,23.94
2012-01-15,45949,2307,37,18,0,0,0,12,0,64,35,35,0,0,0,19,21,241,-2.60357,63.16667,5.241667,9.6,18.55
2012-01-22,61031,2259,33,0,0,0,57,40,0,0,17,25,28,0,0,10,44,254,-1.9131,78.44643,5.045238,6,13.72
2012-02-05,41520,1756,13,34,62,0,19,0,0,22,19,34,26,18,0,0,32,279,1.588095,65.29167,5.230357,13.7,8.61
2012-02-12,41579,1887,46,0,0,16,49,41,0,31,25,0,0,0,30,15,0,253,-0.06012,68.2619,4.735714,5.4,22.26
2012-02-19,41610,1757,20,0,39,0,35,13,0,0,0,36,0,0,0,0,0,143,1.294643,72.95238,5.542262,17.4,11.97
2012-02-26,55581,1721,0,18,37,0,86,53,0,18,0,0,0,0,0,12,39,263,4.133333,72.1131,5.342262,21.3,0
2012-03-04,44325,3446,0,0,15,0,29,0,0,0,34,0,35,0,0,0,0,113,4.718452,64.67857,4.877976,23.5,0.14
2012-03-11,44385,3491,40,9,0,35,48,17,0,0,0,42,0,21,50,31,0,293,3.629762,69.14286,5.633929,38.1,2.94
2012-03-18,44440,3420,21,16,17,0,64,0,21,0,0,13,43,0,73,20,0,288,7.258929,59.2381,5.272024,2.5,3.01
2012-03-25,59136,3453,36,29,28,0,56,53,0,31,0,0,0,0,22,18,0,273,10.2869,59.50595,5.785119,11,0
2012-04-01,80412,2963,32,31,37,0,66,40,0,23,0,12,0,0,0,12,31,284,11.0875,57.72619,5.311905,8.2,0
2012-04-08,80275,2957,40,12,32,0,41,28,0,21,62,26,28,0,63,17,0,370,12.3119,52.20238,5.220238,7.5,0
2012-04-15,80275,2949,0,17,15,0,0,53,0,33,0,0,17,26,0,24,22,207,10.35833,68.02381,4.594048,25.7,0
2012-04-22,106606,3024,55,23,0,0,32,44,0,0,21,15,0,0,0,11,0,201,11.96786,67.43452,4.252976,23.8,0
2012-05-06,100385,3302,100,17,43,0,0,25,0,42,0,41,28,0,0,9,0,305,11.53512,60.04762,4.965476,22.8,0
2012-05-13,100357,3259,41,28,41,17,56,42,0,62,0,0,100,0,0,13,0,400,15.47976,53.30357,4.833929,5.7,0
2012-05-20,100326,3225,26,28,39,0,34,0,0,38,25,24,32,0,0,32,0,278,15.78214,47.95833,5.128571,3.1,0
2012-05-27,133422,3282,44,55,77,0,96,51,0,39,24,26,25,0,39,14,28,518,17.56667,41.77976,5.079762,5.4,0
2012-06-03,107231,3302,22,42,34,26,91,68,17,49,47,0,14,0,31,41,22,504,19.99286,37.2619,5.276786,1.2,0
2012-06-10,107026,3424,0,15,0,0,46,39,0,67,24,44,15,0,0,10,0,260,17.49048,52.875,5.153571,20.4,0
2012-06-17,107136,3240,17,35,0,0,68,44,17,16,0,22,0,0,0,18,0,237,20.46131,39.6369,4.893452,1.3,0
2012-06-24,142552,3288,17,46,26,0,48,40,0,49,20,0,13,0,0,19,0,278,20.36786,56.97619,5.478571,7.2,0
2012-07-01,49254,3598,0,16,0,0,23,12,0,32,22,0,0,0,25,43,0,173,19.80238,56.42857,4.947024,2,0
2012-07-08,49382,3596,23,29,41,0,56,15,0,0,81,30,0,0,0,43,23,341,18.55536,86.03571,3.634524,97.7,0
2012-07-15,49403,3597,24,11,0,0,56,35,0,0,0,20,0,0,0,41,0,187,17.67381,89.05357,3.430952,55.7,0
2012-07-22,65608,3575,0,31,51,0,18,23,0,0,27,43,0,0,0,0,0,193,18.16845,86.6369,4.370238,20,0
2012-08-05,64385,3634,36,0,33,0,66,76,0,0,37,22,16,0,0,0,0,286,17.29405,94.40476,3.297024,142.4,0
2012-08-12,64208,3601,15,0,36,0,42,27,0,0,0,0,34,0,0,27,0,181,17.33929,91.16071,3.247024,46.5,0
2012-08-19,64294,3647,65,14,49,0,19,0,0,39,38,20,43,0,0,20,0,307,17.5375,93.20833,3.147024,86.4,0
2012-08-26,85446,3667,20,17,34,15,0,36,0,33,0,15,0,0,53,16,0,239,16.81667,94.4881,2.967857,115.6,0
2012-09-02,49635,3796,29,25,41,52,73,15,0,0,46,16,19,0,79,26,54,475,16.96369,91.22619,3.217262,46.2,0
2012-09-09,49650,3720,0,9,35,0,0,65,0,0,0,36,24,18,44,20,0,251,16.45833,91.92262,3.247619,71.4,0
2012-09-16,49602,3676,22,26,19,0,96,58,0,40,19,0,47,0,57,9,68,461,16.79107,89.39286,3.629762,20.7,0
2012-09-23,66010,3773,0,15,45,38,33,43,0,28,22,0,24,0,0,15,30,293,14.7119,87.95833,3.627381,28,0
2012-10-07,53502,3879,28,12,40,0,35,39,0,37,0,10,0,0,0,19,0,220,13.49583,70.67857,4.307143,4.1,0
2012-10-14,53492,3861,33,47,56,0,55,43,0,0,30,0,16,0,0,14,0,294,11.02679,65.22024,5.089881,6,0
2012-10-21,53558,3839,20,0,20,15,48,35,0,0,0,0,35,0,23,18,0,214,10.25595,63.02976,4.381548,2.3,0
2012-10-28,71095,3786,29,10,0,0,45,39,0,45,0,0,0,0,81,11,0,260,8.396429,66.79762,4.364881,3.7,0
2012-11-04,39361,3602,0,16,53,0,56,37,0,57,0,15,31,26,24,0,0,315,10.01726,73.42857,4.285714,0.8,0
2012-11-11,39359,3441,35,17,0,0,60,31,0,54,0,0,0,0,67,15,0,279,7.342857,69.1131,4.167857,4.7,0
2012-11-18,39363,3503,0,19,31,0,29,0,0,0,0,11,12,0,25,23,40,190,7.527976,68.58929,4.407143,0.6,0
2012-11-25,52156,3575,0,41,12,0,26,0,0,0,51,0,20,17,0,0,0,167,6.080357,61.89286,4.088095,0.6,0
2012-12-02,62178,4212,25,11,19,0,30,10,0,0,0,0,0,14,24,8,37,178,4.991667,64.1131,4.464286,13.2,0.63
2012-12-09,62216,4251,50,20,27,0,65,44,32,98,29,15,0,0,27,36,0,443,6.658929,54.27976,4.490476,0,0
2012-12-16,62130,4184,49,24,41,24,93,31,0,55,33,34,36,44,0,17,29,510,2.829762,76.36905,4.911905,29.1,11.48
2012-12-23,82600,4330,18,30,52,0,70,85,13,72,37,21,21,0,0,19,0,438,3.511905,54.60714,5.752976,0.8,0
2013-01-06,50972,2429,36,0,41,0,28,28,0,0,24,61,56,24,0,19,0,317,1.941667,66.46429,4.660119,0,0
2013-01-13,50958,2431,24,21,25,54,38,31,0,0,0,0,14,0,0,21,41,269,2.582143,62.4881,4.984524,8.9,0.07
2013-01-20,50887,2433,21,36,18,0,0,26,0,50,0,0,0,0,0,16,0,167,0.785119,78.93452,5.488095,39.2,45.99
2013-01-27,67929,2348,26,33,33,0,49,49,0,0,25,74,0,0,28,17,0,334,-1.96071,50.39881,6.608333,0,0
2013-02-03,44106,2094,0,0,0,32,18,36,13,0,20,41,13,0,0,8,0,181,1.66131,64.01786,4.983333,5,0.98
2013-02-10,44026,2010,24,0,0,0,0,33,0,38,0,0,0,0,20,18,49,182,0.382143,72.22024,5.891071,74.4,30.1
2013-02-17,44069,2091,26,51,41,0,0,0,0,19,0,0,0,0,20,26,49,232,2.447619,68.57738,5.85119,19,8.54
2013-02-24,58673,1994,19,27,25,0,36,58,20,0,24,29,0,0,47,17,0,302,2.846429,76.58333,5.304762,36.8,6.3
2013-03-03,49814,3115,28,62,24,0,44,33,22,0,0,0,0,22,0,10,0,245,6.408333,64.75,5.69881,21.1,1.12
2013-03-10,49810,3117,36,26,23,0,26,26,0,30,21,33,0,0,20,25,0,266,8.720238,60.05952,5.285714,1.1,0
2013-03-17,49815,3154,33,41,39,0,75,34,0,33,21,25,11,29,0,33,21,395,7.516071,66.52381,5.270238,19.1,0
2013-03-24,66198,3173,21,0,45,0,0,63,0,32,0,43,42,0,0,25,0,271,9.319643,64.15476,5.820833,21.4,0
2013-04-07,86854,3329,23,29,21,0,45,47,18,21,22,31,27,31,21,15,0,351,10.00774,59.83929,5.35119,6.1,0
2013-04-14,86971,3317,18,31,33,0,20,25,0,49,18,76,27,0,0,35,0,332,11.44643,65.1131,5.026786,17.3,0
2013-04-21,86982,3294,13,36,29,0,31,54,0,25,32,35,19,21,37,21,0,353,11.62321,61.54762,4.67381,20.9,0
2013-04-28,115449,3421,30,47,54,0,53,58,0,0,0,32,19,0,19,0,0,312,12.53631,67.52381,4.596429,13.2,0
2013-05-05,102182,3594,36,27,0,34,58,53,0,42,19,0,0,0,26,27,50,372,13.99464,55.73214,5.222024,17.8,0
2013-05-12,102162,3466,22,55,50,0,45,39,0,20,38,39,34,0,24,15,0,381,14.9875,53.75595,5.283929,18.8,0
2013-05-19,102049,3527,28,47,28,0,58,74,0,48,36,0,24,0,0,24,0,367,16.16012,50.23214,5.120238,2.5,0
2013-05-26,135733,3532,31,61,68,0,100,79,0,46,25,58,14,72,0,41,58,653,20.41726,41.08333,5.882143,1.2,0
2013-06-02,31772,3231,27,48,35,0,55,72,0,42,33,34,0,0,0,5,0,351,18.12798,50.92857,5.074405,10.4,0
2013-06-09,31758,3346,20,57,55,0,37,57,32,24,32,0,49,24,20,13,0,420,19.10536,71.81548,4.724405,12.5,0
2013-06-16,31798,3224,12,34,19,0,35,34,0,24,0,23,16,0,0,17,0,214,17.0125,89.2619,3.217857,239.5,0
2013-06-23,42091,3253,0,41,68,0,28,12,20,27,0,0,0,71,0,13,0,280,17.32917,82.05357,4.177976,46.1,0
2013-07-07,42180,3581,17,0,0,0,42,33,0,32,0,0,0,0,0,17,0,141,17.94226,91.20238,4.031548,132.4,0
2013-07-14,42081,3666,13,19,0,0,20,55,0,17,15,25,0,0,58,0,0,222,18.07857,87.07738,4.1625,32.6,0
2013-07-21,42261,3523,12,16,17,0,32,37,0,0,21,21,0,0,0,9,0,165,18.13988,90.61905,3.57619,48.3,0
2013-07-28,55880,3663,9,23,30,0,0,0,26,23,23,42,0,39,0,11,0,226,17.71845,89.8631,3.794048,51.2,0
2013-08-04,50581,3369,31,39,25,0,32,21,0,37,0,0,45,0,30,16,0,276,18.07738,91.42857,3.661905,74.1,0
2013-08-11,50569,3407,19,26,13,0,38,28,12,25,0,59,0,32,0,13,0,265,17.15655,93.04167,3.425,92.9,0
2013-08-18,50634,3469,12,13,20,0,33,66,0,29,0,0,0,0,0,18,0,191,16.85357,93.02976,3.17619,94.9,0
2013-08-25,67330,3370,0,0,30,0,21,35,0,0,18,0,0,34,0,17,0,155,16.85357,90.30952,3.532143,52.9,0
2013-09-01,55084,4017,12,43,30,0,51,23,0,100,18,17,0,0,0,14,24,332,17.09881,87.91071,3.591071,23.3,0
2013-09-08,54973,3976,17,0,0,49,36,39,0,0,57,0,0,0,18,27,27,270,15.59643,85.89881,3.958333,18.5,0
2013-09-15,55069,3939,22,25,14,0,38,44,0,17,57,16,0,43,0,28,0,304,14.70238,85.83333,4.070833,15,0
2013-09-22,73284,3967,14,0,20,0,29,33,0,29,17,0,0,0,0,13,0,155,15.26726,78.65476,4.152976,21.9,0
2013-10-06,62457,4152,15,26,25,0,21,40,18,0,0,17,20,0,25,11,0,218,14.35714,89.66667,3.852976,15.7,0
2013-10-13,62376,4209,0,19,23,79,18,12,100,0,20,0,11,0,20,7,0,309,14.90119,88.72024,3.605357,28.9,0
2013-10-20,62360,4254,13,35,23,0,25,51,38,19,0,24,21,0,0,13,0,262,12.11786,75.30952,3.945238,2.7,0
2013-10-27,82957,4252,0,19,0,0,27,0,58,0,95,0,0,54,0,10,0,263,10.72083,79.3869,3.902976,1.8,0
2013-11-03,43866,3767,12,23,21,0,45,55,0,15,21,0,15,0,0,26,0,233,8.551786,67.73214,4.143452,4.1,0
2013-11-10,43918,3730,17,61,47,0,26,18,0,0,0,0,0,0,0,19,0,188,6.302976,74.14286,4.763095,25,0.63
2013-11-17,43850,3758,23,0,13,45,45,62,0,0,59,23,15,0,26,5,57,373,5.776786,58.58333,4.761905,0.1,0
2013-11-24,58685,3670,20,45,24,0,32,39,0,17,60,66,14,22,0,18,0,357,7.272024,67.94048,4.120238,0,0
2013-12-01,71534,4319,11,32,39,0,38,50,0,40,0,49,0,0,0,0,0,259,7.429762,63.25,4.485714,0,0
2013-12-08,71406,4339,19,24,48,66,44,32,0,16,21,35,0,0,0,0,0,305,5.541071,63.16667,4.257738,0.8,0
2013-12-15,71538,4380,18,19,45,0,49,58,12,39,32,43,21,0,21,13,0,370,5.507143,63.02381,4.588095,0,0
2013-12-22,95060,4284,8,44,30,0,55,74,0,52,21,42,37,0,0,35,0,398,3.106548,78.42857,4.144048,6.4,6.02
2014-01-05,53467,2538,29,18,25,36,48,61,16,13,0,43,38,0,0,44,0,371,1.43869,74.5,5.169048,15.3,8.96
2014-01-12,53445,2439,17,34,18,0,10,33,0,16,22,35,0,0,0,20,0,205,0.118452,70.72619,4.921429,2.9,8.89
2014-01-19,53553,2496,45,14,21,0,26,55,27,23,53,39,30,0,35,31,0,399,1.58631,78.98214,4.442857,8.7,6.3
2014-01-26,71045,2405,12,22,17,0,49,59,0,16,0,0,27,0,29,9,0,240,1.584524,67.97619,6.0125,13.1,15.82
2014-02-02,46385,2058,0,10,13,30,24,43,0,15,21,59,14,22,0,0,18,269,3.644643,65.66667,4.932143,1.4,0.07
2014-02-09,46359,2029,0,51,33,0,0,29,0,23,17,31,32,0,36,9,0,261,1.900595,81.8869,4.924405,39.9,14.07
2014-02-16,46454,2006,24,22,19,0,26,39,0,0,0,43,21,74,0,20,0,288,-0.22679,76.0119,4.410119,9.2,35.07
2014-02-23,61615,2186,40,18,27,71,42,21,14,0,25,0,12,22,0,30,0,322,1.424405,65.92857,5.820238,5.3,2.17
2014-03-02,50308,3447,13,18,0,0,39,82,45,23,0,0,20,0,0,22,20,282,2.614881,81.47024,4.996429,27,7.7
2014-03-09,50377,3421,30,57,51,0,54,66,0,22,14,42,30,0,20,27,0,413,4.207143,68.07738,4.774405,9.6,1.19
2014-03-16,50334,3363,21,0,0,0,36,39,0,91,36,21,47,0,21,30,0,342,7.242857,71.07143,5.394643,34.1,2.8
2014-03-23,67000,3368,20,43,28,0,36,51,10,0,30,23,41,0,27,22,0,331,7.517262,67.81548,5.294048,25.9,0.28
2014-04-06,87966,3697,17,44,47,0,23,38,26,29,21,62,0,39,23,23,0,392,9.817262,62.30357,5.565476,14,0.07
2014-04-13,87957,3551,26,60,49,0,57,59,13,61,31,64,0,17,0,38,59,534,9.488095,63.49405,5.301786,27.9,0
2014-04-20,87988,3507,22,38,31,0,44,60,0,45,29,15,14,0,27,23,30,378,9.491667,68.85714,5.021429,45.3,0
2014-04-27,117067,3607,27,33,18,0,69,53,0,30,51,52,0,56,44,17,0,450,12.42857,57.61905,4.907143,6,0
2014-05-04,104296,3485,10,15,50,0,45,62,0,37,0,64,25,35,25,20,0,388,15.71071,50.31548,4.9625,5.2,0
2014-05-11,104218,3287,17,38,26,0,74,47,0,45,14,50,29,0,38,17,0,395,13.69226,71.55952,4.505952,40.2,0
2014-05-18,104263,3404,21,45,82,0,76,74,0,20,45,23,11,0,0,18,0,415,13.45238,66.55952,4.305357,33.8,0
2014-05-25,138460,3384,28,0,36,0,32,38,0,0,17,88,19,0,23,30,0,311,14.83036,61.45238,4.695833,27.1,0
2014-06-01,53463,3720,18,71,78,0,53,53,49,32,31,52,100,0,54,16,32,639,16.61607,54.80357,5.08631,10.1,0
2014-06-08,53352,3777,10,45,55,0,36,78,24,43,20,57,35,0,0,33,40,476,19.58452,40.82143,5.630357,0,0
2014-06-15,53459,3429,22,84,69,0,53,53,33,15,26,66,0,25,21,0,0,467,19.5006,46.94643,5.572024,1.9,0
2014-06-22,70983,3640,16,59,25,0,33,61,0,68,0,30,36,0,83,29,0,440,19.41905,74.01786,4.538095,15.4,0
2014-07-06,45506,3095,0,61,11,68,32,53,0,39,32,17,24,0,0,19,0,356,16.97321,88.44048,3.713095,67.3,0
2014-07-13,45449,3058,15,45,34,0,32,43,0,40,37,35,20,0,47,17,0,365,18.53929,82.80952,4.682143,12.8,0
2014-07-20,45342,3115,16,46,35,0,33,26,16,0,22,25,0,0,0,43,0,262,17.48869,91.78571,3.179762,120.7,0
2014-07-27,60404,3097,38,0,30,0,40,56,0,25,0,33,14,0,27,27,0,290,17.49821,92.38095,3.341071,109.2,0
2014-08-03,55632,3655,11,19,0,0,45,56,0,35,24,0,28,0,0,16,0,234,17.67321,91.06548,3.502976,76.4,0
2014-08-10,55590,3755,20,53,53,0,24,60,0,64,33,81,23,0,0,20,0,431,17.87381,90.45833,3.440476,52.5,0
2014-08-17,55552,3780,38,54,43,0,0,28,41,0,14,29,21,0,36,21,0,325,17.32202,90.5119,3.990476,66.6,0
2014-08-24,73888,3769,23,0,12,0,32,58,0,15,14,29,0,0,0,32,0,215,17.14286,83.16667,4.404762,9.5,0
2014-09-07,59344,3535,20,18,0,0,32,32,0,17,24,0,11,0,57,25,0,236,16.26905,89.89881,3.564881,109.9,0
2014-09-14,59365,3527,21,36,54,0,17,27,12,39,24,14,34,0,0,23,0,301,15.56369,87.82738,3.971429,18.8,0
2014-09-21,59436,3555,18,35,68,0,59,62,21,0,17,0,12,20,0,37,0,349,15.8631,82.42857,4.268452,3.4,0
2014-09-28,78946,3595,24,46,40,0,44,69,0,39,46,0,0,0,25,31,0,364,15.01667,81.78571,4.280952,6.1,0
2014-10-05,66590,3295,19,17,18,0,17,36,0,35,15,20,0,0,0,19,0,196,13.88452,86.0119,3.554762,14.2,0
2014-10-12,66554,3303,12,46,33,0,29,24,13,0,17,0,15,32,0,12,0,233,12.83333,66.95833,4.267262,1.7,0
2014-10-19,66608,3306,17,34,37,0,15,34,0,23,0,16,0,98,0,9,93,376,10.41548,75.84524,4.130357,9.7,0
2014-10-26,88420,3328,30,23,45,0,47,54,0,23,22,0,24,0,37,32,0,337,10.81131,74.55952,4.348214,3.2,0
2014-11-02,48512,3138,7,0,18,81,38,45,0,25,34,62,56,0,57,14,0,437,9.488095,66.57143,4.415476,0.7,0
2014-11-09,48480,3138,16,45,0,0,20,35,0,0,15,0,19,0,31,16,0,197,9.869643,65.49405,4.164286,1.7,0
2014-11-16,48368,3220,13,23,24,0,48,52,13,39,0,0,30,0,0,24,20,286,8.54881,65.14286,4.7,0,0
2014-11-23,64381,3138,31,36,22,0,48,67,0,30,18,18,29,25,0,18,0,342,7.347619,59.71429,4.288095,0,0
2014-12-07,66441,3688,25,31,39,0,31,53,28,29,29,48,40,18,0,26,0,397,7.424405,55.74405,4.084524,0,0
2014-12-14,66412,3638,29,38,54,0,38,70,0,63,27,48,17,33,19,29,0,465,4.279167,64.65476,4.700595,12.8,13.51
2014-12-21,66389,3571,43,72,54,0,58,59,0,25,21,56,20,0,26,44,0,478,0.786905,59.75,5.727976,1.4,2.38
2014-12-28,88214,3668,34,58,42,0,57,44,0,0,34,0,57,27,0,16,22,391,2.478571,65.14286,5.513095,0,0
2015-01-04,57013,2835,7,57,62,51,55,51,23,26,0,24,0,0,32,8,0,396,2.532143,76.61905,4.852976,25.3,7.21
2015-01-11,57086,2758,37,35,23,0,31,38,0,17,28,15,29,21,0,33,25,332,3.301786,61.47619,5.104762,0,0
2015-01-18,57038,2779,20,46,54,0,26,43,0,26,16,27,0,0,27,28,0,313,2.201786,67.29167,4.78631,9.6,3.36
2015-01-25,75807,2860,30,23,23,0,56,38,10,24,29,0,0,0,54,29,0,316,2.495238,79.03571,4.777976,29,8.19
2015-02-01,47999,2214,28,49,16,0,46,51,0,0,0,28,23,33,0,26,0,300,0.064286,80.13095,4.65,11.7,9.38
2015-02-08,47967,2337,24,43,73,0,22,38,10,0,15,22,0,35,16,31,0,329,1.64881,73.64286,5.285119,24.3,11.55
2015-02-15,47877,2322,32,38,36,0,30,55,0,50,0,55,0,19,75,23,100,513,4.434524,65.48214,5.080357,0.2,0
2015-02-22,63730,2386,25,11,32,0,52,79,0,18,22,0,46,0,20,46,0,351,6.193452,71.47619,5.37619,32.7,3.29
2015-03-01,54296,3861,21,24,43,0,50,54,0,15,17,0,0,0,0,22,0,246,6.210119,75.66667,5.702381,68.6,9.03
2015-03-08,54198,3864,22,56,28,0,51,55,0,24,32,60,17,0,15,28,0,388,2.219643,78.58333,5.22619,70.8,25.83
2015-03-15,54318,3819,38,37,23,43,62,87,0,43,42,40,27,41,26,33,0,542,6.032143,66.25,5.106548,20.9,2.45
2015-03-22,72265,3816,45,33,27,0,32,49,0,55,30,26,17,72,0,36,0,422,7.579762,72.21429,4.786905,10,0.28
2015-04-05,91433,4024,30,31,30,0,60,95,39,0,24,77,19,0,22,38,0,465,8.244643,80.00595,4.641667,85.2,0
2015-04-12,91396,3972,28,12,50,0,30,59,24,22,47,0,34,0,17,40,0,363,9.714286,71.32738,5.020238,14.9,0
2015-04-19,91390,4077,25,44,35,0,49,58,0,30,0,0,36,0,0,24,0,301,12.48512,71.31548,4.914881,8.6,0
2015-04-26,121572,4051,33,43,43,0,32,27,0,0,27,38,20,0,32,14,0,309,13.84821,58.07738,5.052381,8.8,0
2015-05-03,106773,3640,58,25,27,0,36,59,19,32,26,60,0,0,17,38,22,419,13.68988,53.03571,5.01131,6.3,0
2015-05-10,106794,3560,38,28,32,0,55,73,35,33,18,21,34,0,0,30,0,397,17.20714,42.19643,5.458929,2.2,0
2015-05-17,106812,3561,35,25,38,0,63,78,0,35,27,64,30,23,0,38,0,456,14.74405,74.4881,4.31369,42.1,0
2015-05-24,141986,3606,32,33,56,31,65,97,9,26,14,56,17,16,33,35,0,520,17.36845,45.58929,5.975595,2.5,0
2015-06-07,57324,3853,21,75,42,0,72,75,10,41,14,100,46,0,28,31,0,555,14.7869,72.97024,5.140476,39.2,0
2015-06-14,57204,3757,41,79,70,0,65,66,0,54,35,35,13,100,21,26,0,605,17.49643,59.71429,5.131548,9,0
2015-06-21,57222,3797,0,53,51,0,38,72,0,66,37,55,28,19,0,22,26,467,17.39107,74.375,4.355357,29.6,0
2015-06-28,76280,3809,18,28,31,0,35,21,0,20,40,39,37,0,18,21,0,308,17.40774,74.91667,4.361905,28.6,0
2015-07-05,49170,3644,26,24,0,0,39,57,0,22,0,26,0,0,0,21,27,242,17.46369,85.75,3.890476,46.9,0
2015-07-12,49207,3595,38,51,53,0,54,56,0,17,38,25,31,17,33,24,31,468,16.8006,91.69643,3.120833,158.2,0
2015-07-19,49218,3523,13,28,31,0,44,64,0,23,41,43,13,0,0,6,56,362,17.89881,91.24405,3.331548,135,0
2015-07-26,65345,3597,48,21,44,0,55,30,0,32,0,61,23,0,0,17,0,331,17.65595,90.64286,3.354167,107.7,0
2015-08-02,59791,3221,20,35,57,0,21,32,10,22,0,15,35,35,19,23,27,351,17.61488,90.80952,3.425,65.1,0
2015-08-09,59839,3132,12,12,15,0,21,42,17,16,0,14,0,18,0,25,0,192,17.49643,92.65476,3.285119,114.6,0
2015-08-16,59880,3085,26,33,37,0,64,29,36,19,44,32,18,24,24,0,0,386,17.6,91.7619,3.224405,61.4,0
2015-08-23,79586,3124,8,37,28,0,35,75,12,25,27,50,15,23,15,24,31,405,16.98393,89.58333,3.706548,32.8,0
2015-09-06,63138,3358,15,21,9,0,25,26,0,19,34,46,29,0,0,26,0,250,16.13988,80.2619,4.497619,2.7,0
2015-09-13,63146,3312,24,30,53,0,32,28,0,44,20,29,16,0,27,17,27,347,16.0381,73.38095,4.61131,2.1,0
2015-09-20,63071,3326,23,63,55,0,26,26,26,46,0,22,29,0,0,12,0,328,16.07143,81.10119,4.16131,21.8,0
2015-09-27,84096,3237,30,64,86,0,26,27,23,62,49,34,26,0,66,39,29,561,14.25893,84.07143,3.966071,41.3,0
2015-10-04,68294,3165,22,33,35,0,38,62,18,0,25,30,31,0,25,29,0,348,14.48214,73.71429,4.422619,1.6,0
2015-10-11,68325,3328,31,36,21,0,31,39,0,42,0,24,10,0,34,14,0,282,14.00179,72.00595,4.355357,1.1,0
2015-10-18,68293,3203,37,64,49,0,58,55,0,15,0,42,37,0,0,21,0,378,12.75952,78.64286,4.06369,5.1,0
2015-10-25,90720,3267,31,30,26,36,38,37,0,21,38,0,10,50,0,34,0,351,11.57917,63.66667,4.335119,6.8,0
2015-11-01,40467,2532,19,16,31,0,25,32,0,0,32,25,19,0,14,21,0,234,9.352381,71.13095,4.358929,4.2,0
2015-11-08,40480,2411,32,24,27,0,26,38,11,38,36,0,14,15,39,25,0,325,8.852976,72.96429,4.336905,5.7,0
2015-11-15,40543,2433,18,31,27,0,30,26,0,27,0,78,0,0,28,40,0,305,8.783929,71.74405,4.006548,6.8,0
2015-11-22,53699,2517,24,29,28,0,27,37,17,51,23,20,0,0,14,39,0,309,8.610714,69.83333,4.244048,0,0
2015-12-06,57416,2471,33,22,19,0,32,49,26,42,39,41,9,44,32,19,0,407,7.704762,71.74405,4.414881,0,0
2015-12-13,57518,2366,23,33,38,0,40,47,21,37,20,54,27,0,33,27,0,400,5.190476,79.51786,4.477381,29.7,6.23
2015-12-20,57544,2411,38,62,58,0,99,100,0,61,0,86,45,0,33,30,0,612,1.108929,72.54167,4.052381,1.8,0.98
2015-12-27,76586,2317,33,44,17,0,49,76,12,26,49,70,18,0,0,31,0,425,2.289286,62.57143,3.945833,0.6,0.63
2016-01-03,59095,2964,34,26,17,0,36,38,31,58,19,14,0,31,0,17,0,321,4.255952,57.74405,4.86131,0,0
2016-01-10,59098,2976,20,35,23,0,32,20,0,0,25,15,0,0,29,34,29,262,3.480357,74.03571,4.07619,4.7,0.56
2016-01-17,58991,2922,17,40,47,0,10,18,0,30,37,21,11,45,0,15,0,291,3.134524,73.99405,4.219048,0.5,0
2016-01-24,78575,2972,26,41,30,100,26,30,29,17,33,35,25,0,22,26,0,440,1.484524,76.88095,3.924405,2.1,0.21
2016-02-07,49033,2315,24,39,41,0,86,46,0,0,0,32,26,0,0,24,0,318,4.125,70.88095,4.683333,18,14.21
2016-02-14,49076,2466,24,20,21,0,28,43,0,0,37,0,0,19,0,14,0,206,1.283929,74.10714,5.152381,10.5,5.81
2016-02-21,49094,2401,19,30,52,0,11,57,46,30,35,54,30,23,15,19,0,421,5.725,70.11905,5.710119,21.6,0
2016-02-28,65280,2375,19,31,46,0,36,46,0,24,0,12,21,0,37,23,38,333,7.025595,62.08333,5.095238,0.2,0
2016-03-06,56230,3913,9,44,48,0,29,56,0,37,19,0,9,23,0,40,0,314,7.911905,64.89286,5.333333,13,0.21
2016-03-13,56214,3908,35,45,48,0,49,62,0,0,21,34,34,0,20,39,21,408,7.402976,77.31548,5.402976,46.4,0.14
2016-03-20,56229,4062,25,33,15,0,46,57,24,17,20,43,47,90,0,34,17,468,7.041071,71.76786,4.583929,39.6,1.12
2016-03-27,74777,3975,27,26,21,0,39,67,46,22,28,0,30,24,0,18,0,348,10.41429,52.83333,6.544048,9,0
2016-04-03,72569,4091,34,33,0,0,13,46,0,34,0,0,11,0,39,28,56,294,13.38274,54.61905,5.233929,1.2,0
2016-04-10,72645,4076,47,54,47,66,47,52,0,27,58,12,21,0,24,33,0,488,11.13155,69.75595,5.314881,33.6,0
2016-04-17,72640,4103,30,34,40,63,31,17,0,46,0,32,23,0,23,38,20,397,14.16488,53.16071,5.223214,10.7,0
2016-04-24,96517,4199,23,44,43,0,34,50,0,48,25,38,26,77,36,50,0,494,13.57083,54.38095,4.932143,19.6,0
2016-05-01,94279,4260,38,62,39,0,46,43,0,31,34,40,19,40,32,40,30,494,14.75179,39.08929,5.045238,1.7,0
2016-05-08,94294,4220,50,48,34,51,41,42,0,43,26,63,0,0,51,33,25,507,14.81369,64.125,4.857738,26.2,0
2016-05-15,94302,4351,23,32,51,0,48,69,22,56,43,67,14,28,13,37,0,503,16.2744,63.03571,4.915476,21.7,0
2016-05-22,125594,4294,30,63,53,0,43,72,17,50,71,57,26,21,14,39,0,556,18.8994,45.04167,5.680357,0.4,0
2016-06-05,110226,3823,30,100,100,0,64,77,11,11,49,60,13,0,27,36,0,578,18.50238,55.61905,5.669643,2.2,0
2016-06-12,110208,3829,25,38,59,0,35,71,0,57,41,70,61,0,0,39,0,496,18.12024,67.47024,4.829762,16.5,0
2016-06-19,110349,3792,34,46,34,0,37,64,14,44,32,61,20,0,45,30,0,461,17.91607,83.36905,4.03869,40.2,0
2016-06-26,146680,3818,23,33,44,0,65,51,0,24,72,22,49,0,17,10,0,410,18.45179,81.92262,4.37381,20,0
2016-07-03,50772,4053,21,47,21,0,32,28,0,45,18,37,13,0,0,25,0,287,18.41369,89.52976,3.459524,93.8,0
2016-07-10,50695,4038,8,44,88,0,47,0,0,25,30,0,25,0,0,27,0,294,18.76964,85.52381,4.06131,37.3,0
2016-07-17,50735,4030,28,37,33,0,30,20,0,29,34,40,18,0,37,25,32,363,18.10298,92.77381,3.319048,84.3,0
2016-07-24,67581,3998,26,28,0,0,42,36,0,0,17,41,15,25,33,20,17,300,17.95238,88.04167,3.867857,19.9,0
2016-08-07,61032,3624,36,35,44,0,56,50,0,24,0,0,24,0,25,15,0,309,17.56071,91.52381,3.347024,99.9,0
2016-08-14,61000,3591,10,38,56,0,39,81,0,0,26,0,14,0,0,25,0,289,17.36012,92.53571,2.867857,79.1,0
2016-08-21,61005,3748,17,24,23,0,33,53,0,20,0,31,13,0,49,7,60,330,17.5881,87.07738,3.034524,28.7,0
2016-08-28,81267,3640,23,41,42,0,20,9,15,0,33,16,0,0,24,17,0,240,17.37381,91.35714,3.385119,60.8,0
2016-09-04,65871,3914,27,47,45,0,42,60,18,35,19,38,11,0,0,23,0,365,16.40119,89.32143,3.476786,39.8,0
2016-09-11,65805,3790,30,33,23,0,32,47,0,44,33,48,0,0,0,24,0,314,17.03393,87.51786,3.814881,13.2,0
2016-09-18,65841,3797,7,26,21,0,23,50,0,32,21,13,9,0,31,26,0,259,15.88929,83.89881,4.004167,4.2,0
2016-09-25,87503,3750,33,21,17,0,38,33,0,32,15,24,39,17,0,28,0,297,15.08988,86.51786,3.839881,14.6,0
2016-10-02,71226,3442,23,51,26,0,28,25,0,37,38,26,10,0,62,32,70,428,15.31964,84.48214,3.86369,6.2,0
2016-10-09,71186,3324,26,31,23,25,30,22,0,37,0,20,0,0,37,24,0,275,14.68214,79.04167,4.164881,4.7,0
2016-10-16,71049,3370,33,44,45,0,21,13,0,55,0,49,0,20,20,41,0,341,13.1381,66.47619,4.2875,0.7,0
2016-10-23,94750,3507,29,40,31,0,0,10,36,26,37,0,18,0,0,30,36,293,12.43036,63.40476,4.466667,0.3,0
2016-11-06,38811,2454,39,32,41,0,44,46,67,21,13,0,0,0,29,35,0,367,9.922619,62.72024,4.040476,0.6,0
2016-11-13,38745,2372,25,41,34,0,21,0,0,14,21,39,0,17,34,30,0,276,9.611905,55.32143,4.295238,0.1,0
2016-11-20,38788,2421,38,41,40,0,0,25,0,27,40,21,0,0,25,28,22,307,8.795238,62.48214,3.919643,0,0
2016-11-27,51432,2421,34,33,33,0,35,39,0,30,28,38,39,0,38,18,23,388,10.05238,49.46429,4.263095,0,0
2016-12-04,59930,2479,29,32,44,0,39,53,0,39,0,27,20,0,27,23,0,333,8.508929,65.20833,3.810714,0,0
2016-12-11,59907,2504,21,41,61,0,33,40,35,20,41,0,11,0,14,30,0,347,8.329762,69.77976,3.71369,0.5,0
2016-12-18,59915,2553,23,28,56,0,42,24,0,25,23,53,0,0,0,24,0,298,6.401786,68.45833,3.957738,0,0
2016-12-25,79788,2528,55,70,57,0,45,57,12,81,76,98,56,40,40,38,0,725,7.297024,52.42262,4.244643,2.7,0
2017-01-01,60945,3482,16,41,74,0,38,20,28,29,57,37,21,19,20,70,0,470,6.1625,69.71429,4.027976,6.7,0.21
2017-01-08,61006,3590,25,76,51,36,38,50,0,58,79,38,20,0,13,52,18,554,2.060119,75.5119,4.46369,13.5,18.27
2017-01-15,60959,3505,37,41,50,25,32,53,12,41,66,36,25,24,36,12,0,490,-2.36429,61.70833,5.465476,4.2,3.85
2017-01-22,81178,3417,28,71,23,0,29,23,0,26,48,80,37,0,20,25,0,410,0.599405,69.82738,6.158333,8.2,10.43
2017-02-05,51158,2821,32,50,37,0,51,40,0,25,39,56,0,37,33,28,15,443,5.216071,73.46429,4.431548,45.9,3.85
2017-02-12,51298,2761,25,49,27,0,33,58,0,0,24,35,11,0,32,32,16,342,4.429167,68.0119,4.52381,1.9,0.42
2017-02-19,51361,2802,36,40,36,0,26,28,0,26,26,25,26,0,100,33,24,426,8.717262,61.02381,5.554167,5.1,0
2017-02-26,68095,2821,23,15,21,0,19,12,0,33,46,39,9,0,0,35,18,270,5.376786,72.02381,4.693452,33.4,2.52
2017-03-05,58064,4307,35,32,46,0,20,22,0,24,22,0,31,0,20,45,0,297,5.094048,65.13095,5.151786,22,0.14
2017-03-12,58089,4304,42,35,20,36,24,24,0,25,0,25,17,0,17,17,52,334,2.307738,76.64286,4.964286,41.9,15.75
2017-03-19,58120,4386,36,30,36,0,17,42,0,31,26,14,14,0,58,32,0,336,4.860714,65.79167,4.699405,17.9,1.68
2017-03-26,77371,4440,57,32,23,0,31,45,10,0,36,0,14,0,49,43,0,340,11.03869,55.76786,5.080357,2.6,0
2017-04-02,74926,4542,42,0,17,0,32,45,0,22,34,72,21,0,56,48,0,389,14.54821,45.13095,5.336905,0.5,0
2017-04-09,74996,4518,47,66,52,0,53,80,14,59,16,14,21,72,0,61,0,555,11.24821,61.57143,5.678571,81.6,0
2017-04-16,74974,4566,31,43,32,0,43,46,0,17,0,36,0,41,0,48,0,337,14.14762,43.82143,5.702381,0,0
2017-04-23,99714,4514,100,58,56,58,44,28,0,19,27,73,33,80,37,100,0,713,17.0869,51.19643,5.338095,5.6,0
2017-05-07,97381,3963,41,41,45,0,33,43,0,36,0,59,46,56,22,63,0,485,14.68214,50.30357,5.17381,13.7,0
2017-05-14,97368,4083,56,0,39,45,55,74,0,53,52,44,24,0,38,52,0,532,17.25357,54.4881,5.175595,5.8,0
2017-05-21,97451,4002,56,34,43,30,64,71,0,34,47,75,40,33,0,54,0,581,15.4244,69.56548,4.674405,54.1,0
2017-05-28,129609,3993,35,81,84,0,34,57,0,43,40,56,28,0,26,40,0,524,16.09524,69.23214,4.883929,11.8,0
2017-06-04,111405,3705,35,36,51,0,54,65,24,54,100,49,63,50,24,62,31,698,17.06071,65.55357,4.433929,15.1,0
2017-06-11,111417,3656,36,78,69,0,43,62,0,44,36,55,21,0,48,38,0,530,17.25238,68.16071,4.716071,19.1,0
2017-06-18,111356,3609,32,70,48,41,53,42,10,29,100,78,34,30,0,45,0,612,16.99524,70.57143,4.360714,19.1,0
2017-06-25,148179,3645,30,38,34,0,25,13,0,73,30,49,51,0,33,32,28,436,16.6994,81.6369,3.960119,38.3,0
2017-07-02,53036,3655,24,40,46,27,57,51,18,37,24,19,17,41,37,38,0,476,17.62917,89.89286,3.444048,90.9,0
2017-07-09,53128,3691,15,56,64,60,38,46,0,32,32,50,22,0,25,19,0,459,18.49345,84.67857,4.060119,17.3,0
2017-07-16,53007,3640,29,55,27,54,24,29,0,30,38,58,0,0,18,41,0,403,17.59821,88.93452,3.649405,60.8,0
2017-07-23,70627,3641,35,0,15,0,16,28,0,23,0,22,0,0,0,26,0,165,18.125,90.30952,3.222619,87.8,0
2017-08-06,63708,3226,15,57,56,0,45,20,0,21,54,28,21,0,54,29,20,420,17.66131,94.42262,3.038095,100.4,0
2017-08-13,63598,3201,49,43,21,32,18,19,0,14,46,0,9,0,21,36,41,349,18.36488,90.25595,4.126786,35.3,0
2017-08-20,63545,3152,27,61,52,0,21,29,10,18,31,23,11,20,23,18,0,344,17.79286,86.38095,3.631548,40,0
2017-08-27,84650,3233,23,49,54,33,19,42,0,30,29,19,0,0,20,32,0,350,17.20417,89.2619,3.591667,31.2,0
2017-09-03,69249,3603,38,11,19,0,26,34,0,25,58,11,0,0,19,34,0,275,16.7119,89.83333,3.122619,190.7,0
2017-09-10,69259,3558,10,52,27,0,38,48,14,54,0,21,11,47,0,28,0,350,15.90238,86.06548,3.85119,23.5,0
2017-09-17,69184,3617,36,27,12,0,41,45,22,30,46,37,18,0,57,33,0,404,15.90298,79.61905,4.030357,9,0
2017-09-24,92253,3674,9,62,65,0,27,33,0,0,41,25,11,59,0,30,0,362,15.7506,86.08333,3.43631,64.3,0
2017-10-01,51210,2102,25,44,50,0,33,33,14,28,44,46,0,16,0,42,0,375,15.26369,84.44048,3.973214,18.2,0
2017-10-08,51223,2146,32,52,44,0,20,44,0,60,62,28,13,0,20,36,0,411,15.21726,76.81548,4.242262,0,0
2017-10-15,51302,2048,23,63,49,0,33,40,0,55,0,46,43,19,25,22,0,418,13.28274,67.41667,4.498214,2.2,0
2017-10-22,68079,2084,56,49,43,0,49,53,0,44,27,47,0,0,25,43,0,436,12.95119,62.80357,4.31131,0.8,0
2017-11-05,29465,2466,0,8,15,0,27,39,0,39,33,49,25,17,20,35,0,307,10.45833,77.26786,3.964286,0.7,0
2017-11-12,29381,2449,34,39,0,0,25,17,0,53,58,47,11,0,0,45,0,329,9.92381,75.58333,3.960119,2.1,0
2017-11-19,29404,2481,20,0,24,0,24,41,0,52,44,54,9,0,0,28,0,296,6.408333,76.61905,5.072024,18.8,0.14
2017-11-26,38987,2448,32,16,17,0,27,39,0,33,0,29,19,16,26,36,0,290,5.914286,60.51786,4.529167,0.6,0
2017-12-03,45659,2640,27,72,47,0,20,45,0,14,21,57,12,0,0,53,37,405,6.009524,69.14881,4.067262,0,0
2017-12-10,45657,2643,43,41,54,0,43,37,0,41,47,22,19,0,46,46,52,491,7.402976,68.52976,4.16369,2.1,0
2017-12-17,45690,2644,40,53,56,0,68,78,0,48,51,60,26,25,56,42,53,656,4.167857,70.75595,5.50119,39.5,4.97
2017-12-24,61108,2668,34,61,55,0,35,13,0,76,98,54,52,0,32,38,0,548,5.342857,53.125,6.161905,0.6,0
2018-01-07,53389,2868,33,18,0,86,41,45,0,35,0,26,28,0,0,41,0,353,1.860714,66.7619,4.074405,0.9,0.28
2018-01-14,53321,2891,44,22,33,0,31,41,0,65,44,25,58,0,27,50,0,440,4.682738,60.74405,4.161905,0,0
2018-01-21,53346,2985,51,29,44,61,11,15,0,45,82,16,0,0,66,52,0,472,5.300595,57.58333,4.355952,0,0
2018-01-28,70837,2978,15,39,32,0,42,49,0,0,54,7,29,16,0,,0,283,2.2,73.15476,4.402381,8.1,5.46
2018-02-04,43621,2302,27,47,56,0,50,33,0,13,55,36,0,0,31,59,27,434,5.264286,60.10714,4.775595,0.7,0
2018-02-11,43729,2305,60,15,53,0,53,59,0,37,74,0,38,0,71,51,0,511,4.578571,57.91667,4.8375,9.1,0.77
2018-02-18,43734,2311,37,48,40,0,48,46,15,0,40,17,0,16,42,47,30,426,4.13869,67.58929,5.024405,17.4,7.77
2018-02-25,58296,2244,31,19,35,35,33,30,15,17,35,27,46,0,33,87,0,443,7.120833,58.85714,5.316071,15.9,0.35
2018-03-04,52627,3414,43,44,30,0,59,55,0,35,38,34,68,0,26,25,0,457,7.993452,66.15476,4.516667,19.9,0.7
2018-03-11,52694,3363,35,30,28,0,30,26,0,17,61,16,43,13,26,58,0,383,7.866667,53.02976,4.964286,2.7,0
2018-03-18,52600,3385,51,69,34,0,78,62,0,11,13,23,85,17,35,71,0,549,8.883929,51.6369,5.288095,10.3,0
2018-03-25,70225,3412,52,63,34,0,69,80,0,54,55,33,0,0,58,55,0,553,9.381548,61.14286,5.085119,21.1,0
2018-04-01,66535,3843,62,61,47,0,46,48,0,72,40,18,0,39,30,66,12,541,12.38929,51.70238,5.436905,0.5,0
2018-04-08,66609,3861,33,22,64,36,41,0,0,51,44,28,41,0,19,66,20,465,12.1,72.06548,4.494643,19,0
2018-04-15,66587,3818,52,81,56,0,49,71,0,0,63,32,49,19,44,66,0,582,11.5494,63.07738,4.615476,20.3,0
2018-04-22,88522,3899,48,49,58,0,75,79,0,61,17,9,57,0,0,75,13,541,12.14226,58.375,5.664881,19.1,0
2018-05-06,89121,3161,49,50,66,0,60,62,12,90,0,31,35,27,55,74,17,628,15.47024,55.19643,4.852381,4.1,0
2018-05-13,89188,3139,24,30,48,0,63,30,15,72,48,33,42,0,23,55,17,500,14.89762,59.1131,4.943452,15.8,0
2018-05-20,89188,3218,53,83,99,0,47,36,0,74,66,54,0,25,0,56,0,593,16.5119,46.33929,5.7375,2,0
2018-05-27,118458,3314,41,81,81,0,68,93,100,64,43,40,19,0,31,77,0,738,19.11548,29.55357,5.396429,0.9,0
2018-06-03,90363,2914,42,44,60,0,60,22,13,64,51,16,24,20,28,55,0,499,19.05298,50.44643,5.510119,3.7,0
2018-06-10,90362,3015,25,72,81,71,60,12,38,55,46,21,49,0,0,94,12,636,18.2006,81.68452,3.810119,36.4,0
2018-06-17,90249,2928,33,61,76,0,37,49,15,87,54,37,40,27,23,29,0,568,18.28631,71.52976,4.932738,27.3,0
2018-06-24,120272,2932,43,69,37,0,26,42,0,45,53,53,35,63,24,37,0,527,18.1,67,4.573214,7.4,0
2018-07-01,45052,2127,46,23,22,61,53,52,34,24,54,35,31,16,60,34,0,545,18.14524,83.67857,3.8375,73.2,0
2018-07-08,45002,2201,34,51,39,0,34,20,0,29,34,17,37,0,48,36,0,379,17.91548,86.29762,3.927976,83.8,0
2018-07-15,44978,2154,25,43,55,37,0,25,0,25,32,0,23,17,25,33,0,340,18.44524,91.55952,3.679762,58.5,0
2018-07-22,59751,2218,25,32,29,0,29,15,55,17,16,15,0,36,39,34,0,342,17.9256,92.98214,3.171429,109.8,0
2018-08-05,54561,1735,42,34,46,0,38,60,0,35,26,16,44,42,26,39,0,448,17.71071,89.01786,4.535119,79.8,0
2018-08-12,54632,1851,32,49,60,0,34,47,31,23,24,14,78,0,0,24,12,428,17.33571,93.32738,3.355357,86.6,0
2018-08-19,54607,1839,27,30,36,0,18,28,0,35,32,32,22,36,0,54,0,350,17.3631,92.33929,3.341071,66.4,0
2018-08-26,72479,1953,10,0,21,0,14,22,0,37,0,10,17,0,0,33,0,164,17.8875,91.375,3.790476,42.5,0
2018-09-02,60736,2062,22,31,26,0,12,16,0,29,41,0,26,0,0,39,0,242,17.52679,91.04167,3.358929,51,0
2018-09-09,60825,2039,22,14,24,0,14,22,0,27,34,25,70,0,0,49,15,316,16.76667,92.04167,2.822619,58.5,0
2018-09-16,60694,1896,37,53,47,32,56,32,14,24,38,17,0,17,41,56,12,476,15.63095,87.25595,3.689286,23.2,0
2018-09-23,80601,1998,31,30,22,44,24,0,0,48,35,14,0,0,0,64,0,312,14.82679,81.96429,4.380952,96,0
2018-10-07,43597,1780,34,39,64,0,45,35,30,31,56,12,18,21,18,49,0,452,12.57143,62.54762,4.538095,1,0
2018-10-14,43516,1812,38,59,62,0,19,0,26,36,40,20,78,0,89,54,0,521,11.40119,66.83929,4.17381,3.2,0
2018-10-21,43540,1731,66,39,0,55,22,29,0,30,39,28,0,0,78,64,0,450,10.31964,59.99405,4.44881,6.2,0
2018-10-28,57889,1800,55,46,49,0,49,47,0,33,33,14,40,0,25,66,0,457,9.002381,58.35714,4.48631,0.8,0
2018-11-04,24689,1988,29,37,46,0,59,52,31,46,20,8,29,0,35,24,0,416,9.298214,77.70833,4.649405,39.4,0
2018-11-11,24609,2050,50,58,44,0,44,43,29,29,27,41,22,24,63,54,0,528,7.470238,63.72619,5.041071,0.7,0
2018-11-18,24572,2071,75,54,67,0,47,51,0,36,21,9,55,55,72,53,0,595,6.952976,67.32143,4.139286,8.7,0
2018-11-25,32422,2110,48,55,32,38,13,62,0,42,32,7,0,22,75,61,0,487,7.319048,59.9881,4.871429,0.6,0
2018-12-02,39090,2303,34,55,57,0,40,19,0,47,31,16,97,0,18,55,0,469,7.485714,67.78571,4.290476,0,0
2018-12-09,38990,2267,49,57,62,0,36,69,0,74,52,53,59,28,57,67,0,663,4.469048,71.51786,4.273214,0.9,0.21
2018-12-16,39142,2280,64,63,65,0,57,67,0,21,48,48,59,28,30,74,0,624,1.607143,69.94048,5.497619,10.6,2.31
2018-12-23,52166,2209,63,18,56,79,26,28,15,59,39,57,83,27,30,52,0,632,3.224405,54.73214,4.953571,0,0
2019-01-06,55416,3009,50,62,59,0,36,34,0,37,24,27,33,32,34,74,34,536,1.89881,70.03571,4.617262,11,12.46
2019-01-13,55372,2951,43,25,34,0,60,53,0,41,14,9,62,27,0,45,100,513,0.247024,73.9881,4.252381,4.8,7.42
2019-01-20,55402,2904,58,39,42,0,44,34,0,27,52,23,50,23,0,60,0,452,2.671429,62.02381,5.299405,0.7,0
2019-01-27,73730,3048,47,51,52,0,19,27,0,53,34,29,26,0,37,62,0,437,-2.41548,81.19048,5.470833,16.3,51.59
2019-02-03,45161,2390,57,40,13,0,51,88,0,35,33,33,0,0,26,45,0,421,-0.99702,68.20833,5.789286,13.7,6.86
2019-02-10,45153,2348,51,42,43,63,11,0,29,95,34,40,0,14,51,39,0,512,1.175,70.8631,5.12381,19.3,29.26
2019-02-17,45172,2346,59,37,28,0,37,30,0,55,56,20,55,0,0,52,16,445,3.654762,73.69048,5.14881,27.2,2.59
2019-02-24,60011,2326,39,18,17,59,0,39,0,14,36,33,0,19,0,57,0,331,3.39881,80.23214,5.424405,80.5,10.57
2019-03-03,54126,3401,58,14,12,0,35,29,0,58,53,6,33,15,0,60,18,391,0.427381,80.01786,4.215476,16.8,21.07
2019-03-10,54083,3494,42,10,23,0,45,40,0,22,24,38,26,0,47,46,0,363,3.7,73.20238,4.083333,6.8,0.56
2019-03-17,54123,3545,75,38,16,0,64,31,22,23,28,31,64,44,44,54,11,545,5.466667,75.26786,5.178571,37.2,4.2
2019-03-24,71837,3396,76,50,69,0,41,58,0,40,24,19,54,25,0,63,11,530,7.322024,65.67857,5.206548,18.8,0
2019-04-07,68682,4511,69,53,58,0,32,60,21,62,38,30,27,22,0,78,11,561,12.32143,60.17262,4.954167,3.2,0
2019-04-14,68676,4594,58,46,56,50,0,20,0,54,17,34,91,20,52,40,32,570,12.99464,60.75595,4.5,7.2,0
2019-04-21,68741,4507,63,40,40,0,18,48,0,43,34,22,52,41,52,67,12,532,11.02976,74.16071,4.218452,37.8,0
2019-04-28,91407,4446,62,32,49,0,48,53,13,11,33,38,0,43,57,66,0,505,15.64345,49.15476,5.4125,1.9,0
2019-05-05,93284,3431,88,59,82,0,25,20,0,52,46,44,23,28,51,83,26,627,14.40298,49.36905,5.844643,11.7,0
2019-05-12,93307,3513,69,52,34,0,97,100,0,29,18,56,64,29,47,77,14,686,15.79881,44.55357,5.385119,7.2,0
2019-05-19,93331,3414,74,71,53,0,46,61,0,40,55,73,18,19,69,59,21,659,13.67381,72.45238,4.347619,35.8,0
2019-05-26,124134,3478,100,60,55,0,80,65,0,51,69,70,25,30,100,99,0,804,15.66964,59.30357,4.734524,10.5,0
2019-06-02,96001,3220,77,100,100,0,50,55,0,90,49,54,36,0,67,73,0,751,18.69226,38.49405,5.635119,0.7,0
2019-06-09,95940,3132,62,56,45,0,40,63,12,59,57,41,0,13,34,83,13,578,18.77024,45.60714,5.842857,2.7,0
2019-06-16,95848,3190,36,59,42,0,33,9,0,70,49,58,70,24,36,47,17,550,19.57202,45.19048,5.160714,8.6,0
2019-06-23,127597,3158,35,81,84,48,68,42,0,13,65,21,99,39,44,64,0,703,17.33155,66.68452,4.358929,13.3,0
2019-07-07,47049,2145,60,52,50,0,24,10,12,36,10,34,53,13,0,48,16,418,18.48095,82.44643,3.982738,37.8,0
2019-07-14,46976,2090,24,61,58,51,25,26,0,53,51,0,47,0,0,36,0,432,17.43988,91.77976,3.11369,110.4,0
2019-07-21,47009,2099,33,55,59,50,100,30,20,31,20,15,89,100,51,48,0,701,16.75893,91.84524,3.358333,62.3,0
2019-07-28,62456,2204,47,45,40,0,19,28,0,69,49,33,38,0,38,65,11,482,18.30357,90.82738,3.127976,76.2,0
2019-08-04,56675,1899,47,35,16,0,28,22,0,21,68,24,34,0,17,60,0,372,17.68214,92.7619,3.655952,160,0
2019-08-11,56729,1847,31,43,22,0,39,31,0,30,44,33,73,0,27,54,54,481,18.22738,90.80357,3.214286,58.4,0
2019-08-18,56742,1895,28,28,35,0,34,51,28,32,39,13,0,21,0,66,0,375,17.49643,93.5,3.014881,197.6,0
2019-08-25,75490,1848,38,42,21,0,28,47,0,23,46,6,0,65,18,58,0,392,16.93095,89.54762,3.210119,40.7,0
2019-09-01,64055,2034,31,25,29,0,32,31,0,39,28,12,54,14,0,29,0,324,17.7256,91.20833,3.207738,50.8,0
2019-09-08,64025,2023,47,33,59,0,32,40,0,33,23,36,87,13,21,68,0,492,17.91429,89.43452,3.66131,26.5,0
2019-09-15,64030,1955,61,56,57,47,20,16,0,37,31,21,49,0,76,60,0,531,18.03393,85.7619,3.825595,6.7,0
2019-09-22,84992,2098,68,41,43,42,14,15,0,59,63,27,75,31,36,68,13,595,15.32857,85.40476,3.6625,19.3,0
2019-10-06,47228,2146,45,27,44,0,0,21,0,25,36,13,0,0,28,59,0,298,12.8756,84.4881,3.67381,27.8,0
2019-10-13,47177,2082,55,55,50,0,22,24,42,39,22,45,0,25,49,67,12,507,11.90179,79.125,3.822619,8.8,0
2019-10-20,47294,2163,37,80,79,0,35,16,0,100,40,24,31,0,23,59,0,524,11.13571,76.75,4.008929,7.5,0
2019-10-27,63118,2103,32,47,41,0,18,30,25,47,27,26,0,0,18,59,0,370,10.4756,69.21429,4.2,0,0
2019-11-03,28644,2411,47,39,51,0,38,29,35,30,19,30,41,13,49,85,0,506,10.92679,75.25,4.383929,6.1,0
2019-11-10,28707,2403,48,28,28,0,14,34,11,38,26,31,31,13,51,67,0,420,8.490476,73.17262,4.865476,22.2,0
2019-11-17,28619,2362,44,51,24,0,39,40,0,64,38,39,69,0,73,42,24,547,9.385714,66.23214,5.001786,7.2,0
2019-11-24,38276,2461,69,72,48,41,43,57,0,42,37,37,34,20,69,71,18,658,8.069643,72.13095,4.67381,6.3,0
2019-12-01,43481,2678,62,20,0,0,62,28,0,41,42,47,39,22,0,66,0,429,5.192262,73.6131,5.539286,33.3,1.05
2019-12-08,43477,2646,69,0,31,0,46,36,48,58,63,39,57,23,74,57,0,601,4.949405,59.52976,5.102381,0,0
2019-12-15,43522,2669,82,54,68,0,55,77,0,91,36,51,42,18,85,64,22,745,2.658333,79.92262,4.454167,33.2,17.78
2019-12-22,57941,2568,62,59,67,33,34,78,21,86,24,100,56,17,36,72,0,745,1.53869,67.58333,5.018452,5.6,1.26
2020-01-05,59965,3322,83,61,52,0,8,36,0,37,74,51,92,0,79,83,0,656,0.931548,69.45238,4.98631,1.7,0.63
2020-01-12,59972,3221,59,39,49,0,44,40,15,34,42,38,0,29,53,60,11,513,-0.04167,71.42857,5.194643,19.1,31.57
2020-01-19,60002,3357,34,44,39,0,27,28,0,44,30,26,72,16,0,56,12,428,0.741667,83.17857,5.280952,30.7,21.21
2020-01-26,79742,3350,33,38,60,0,22,28,11,44,44,37,32,18,0,44,0,411,0.644048,67.50595,4.632738,4.1,4.06
2020-02-02,29258,1108,26,50,66,48,33,29,0,33,14,31,43,24,20,61,0,478,-0.325,78.70238,4.7125,11.8,17.22
2020-02-09,29240,1124,22,49,33,0,11,40,0,40,21,36,20,0,38,54,11,375,0.2125,65.58929,4.855952,1.2,1.12
2020-02-16,29299,1112,39,44,61,0,42,43,0,36,68,37,44,27,18,71,0,530,5.810119,70.89286,4.324405,0.1,0
2020-02-23,38813,1188,28,60,58,0,56,31,13,35,31,10,0,18,0,64,0,404,5.520833,66.69643,4.749405,4.1,0
2020-03-01,13325,833,32,30,21,0,28,23,0,23,17,22,58,0,23,56,0,333,5.636905,76.7381,4.207143,7.3,0
2020-03-08,13353,841,25,20,24,0,23,19,0,24,54,20,38,11,19,46,0,323,4.865476,79.14286,4.670833,25,6.65
2020-03-15,13366,858,14,41,21,0,11,0,0,17,19,16,16,12,0,28,0,195,4.983333,80.3869,5.401786,53.9,3.92
2020-03-22,17641,788,9,22,14,28,0,0,16,8,0,5,0,12,15,17,0,146,7.208929,71.59524,4.535714,5.3,0.07
2020-04-05,77,0,8,0,0,0,0,0,0,0,0,0,0,0,0,9,0,17,9.064286,63.82143,4.781548,11.8,0
2020-04-12,12,1,0,0,0,45,15,0,0,0,16,0,0,0,0,15,0,91,10.77679,58.94643,5.400595,7.6,0
2020-04-19,-131,0,7,0,0,50,0,13,0,10,0,11,16,0,0,0,0,107,12.63988,66.22619,4.577976,31.9,0
2020-04-26,65,0,6,0,0,0,35,0,12,0,0,0,0,0,0,17,0,70,11.2381,69.75,4.62619,34.1,0
2020-05-03,19,0,12,0,8,0,0,0,0,10,0,0,22,0,0,13,0,65,13.06369,75.66667,4.566667,21.1,0
2020-05-10,-64,0,0,11,0,0,8,0,0,0,0,0,21,0,0,0,0,40,13.43571,65.13095,4.571429,16.5,0
2020-05-17,-32,0,17,6,0,0,14,19,0,19,0,0,0,17,0,15,0,107,15.3625,57.89881,4.607738,2,0
2020-05-24,100,0,22,11,0,0,0,0,24,11,0,0,0,0,25,9,0,102,16.94583,44.84524,5.363095,2.5,0
2020-05-31,-42,0,0,11,26,0,0,0,65,17,0,0,0,0,27,6,0,152,14.1,80.83333,3.916667,53.5,0
2020-06-07,-14,0,11,7,10,0,0,17,15,0,0,0,44,0,0,9,0,113,17.7631,71.73214,4.724405,7,0
2020-06-14,33,0,11,8,0,0,11,17,19,0,0,12,0,0,0,19,9,106,18.8244,65.1369,5.204167,1.2,0
2020-06-21,23,0,0,18,12,0,14,0,0,0,0,6,17,44,17,13,0,141,18.2875,81.8631,4.255357,37.5,0
2020-06-28,-1,0,8,21,19,0,8,0,0,0,0,0,0,0,0,0,0,56,18.94345,81.13095,4.231548,17.3,0
2020-07-05,-56,0,0,0,0,0,0,0,0,0,11,0,29,0,0,12,0,52,18.30119,86.11905,3.739881,52.4,0
2020-07-12,35,0,0,9,21,0,0,0,27,0,9,0,0,0,0,0,0,66,18.69881,86.27976,3.849405,29.8,0
2020-07-19,22,0,0,0,0,83,8,0,0,12,0,0,0,0,0,7,14,124,17.09226,89.51786,3.301786,56.6,0
2020-07-26,4,0,16,10,10,0,0,0,21,0,12,0,0,0,0,16,0,85,18.22619,88.6131,3.604167,39.5,0
2020-08-02,53,0,5,0,14,0,0,0,27,10,12,0,0,0,0,28,0,96,18.89405,87.81548,3.3875,37.4,0
2020-08-09,-65,0,6,20,0,0,0,0,0,15,11,0,0,0,0,29,0,81,18.38452,93.67857,3.294643,75.9,0
2020-08-16,8,0,7,15,31,0,0,14,0,0,11,8,0,0,41,23,0,150,17.86012,91.48214,3.340476,73.4,0
2020-08-23,5255,0,13,14,0,0,0,0,28,10,22,0,21,0,0,17,0,125,17.31607,90.53571,3.554167,48.5,0
2020-09-06,5198,0,10,10,10,0,11,26,0,13,25,16,0,0,0,16,0,137,17.00417,83.44643,4.120238,5.4,0
2020-09-13,5312,0,0,0,16,0,25,0,0,22,0,0,31,0,0,13,0,107,17.37857,80.39286,4.485119,1.4,0
2020-09-20,6962,0,7,30,25,0,21,23,0,33,16,12,0,0,27,14,0,208,15.98393,77.67262,4.302976,4.3,0
2020-09-27,7198,0,12,36,34,79,0,11,21,0,0,0,0,0,0,17,0,210,15.15655,67.20238,4.352976,2.4,0
2020-10-04,7246,0,23,32,29,37,0,0,0,13,17,17,0,12,26,24,14,244,15.22024,66.17262,4.38869,0,0
2020-10-11,7196,0,10,26,25,0,0,20,13,21,10,11,0,0,17,19,0,172,14.80655,69.76786,4.106548,1.8,0
2020-10-18,9542,0,24,52,60,0,0,19,11,0,0,12,0,0,33,34,0,245,12.32679,55.2381,4.058929,1.3,0
2020-10-25,6046,0,26,26,9,0,0,0,12,22,10,18,0,0,22,38,0,183,10.6506,59.34524,4.392262,1.2,0
2020-11-01,5946,0,10,21,18,0,0,8,0,21,23,0,0,51,36,5,0,193,9.345833,61.40476,4.12381,1.3,0
2020-11-08,6083,0,9,14,21,0,12,0,22,34,0,0,0,26,30,29,12,209,9.28869,72.16667,4.079762,5.4,0
2020-11-15,8110,0,23,0,43,0,20,10,0,20,44,10,0,23,34,49,0,276,5.316667,70.72024,4.660119,12.8,0.49
2020-11-22,17295,0,23,12,20,0,0,19,0,24,17,11,0,0,14,29,0,169,6.592857,60.78571,5.245238,0,0
2020-12-06,17416,0,30,21,33,0,36,0,16,0,19,18,0,0,0,47,0,220,5.990476,66.7619,4.68631,13.9,1.61
2020-12-13,17393,0,39,10,24,0,23,19,15,35,14,50,0,0,36,51,0,316,2.822024,59.00595,5.226786,0.2,0
2020-12-20,22982,0,36,46,37,0,20,24,11,38,29,23,38,0,33,49,0,384,4.096429,54.59524,4.869643,0.1,0.07
2020-12-27,18737,0,33,44,63,0,9,19,0,66,13,50,19,14,0,56,14,400,2.004762,68.77976,6.076786,4.8,5.74
2021-01-03,18716,0,26,20,16,49,15,17,37,31,37,39,0,25,25,48,0,385,4.372024,76.22024,5.961905,51.3,2.45
2021-01-10,18739,0,0,36,39,0,31,18,18,32,0,29,16,0,16,43,29,307,4.994643,60.48214,4.496429,0,0
2021-01-17,25104,0,31,23,12,0,26,0,0,38,0,30,28,0,0,43,0,231,4.320238,68.58929,4.580357,8.3,1.05
2021-01-24,11570,0,18,0,20,0,26,11,0,26,9,20,0,50,19,33,9,241,1.750595,69.20238,5.301786,13.7,15.12
2021-01-31,11522,0,18,26,0,0,25,0,22,0,20,19,0,22,0,51,0,203,5.420238,71.41667,4.398214,0.2,0
2021-02-07,11475,21,28,0,20,54,14,0,20,0,23,16,17,0,24,43,34,293,5.968452,63.95833,4.3625,0,0
2021-02-14,15206,0,18,32,15,0,20,23,0,14,21,16,47,0,0,31,0,237,8.947024,57.70833,5.131548,12.8,0
2021-02-21,14341,0,20,0,14,33,8,0,0,48,37,20,0,0,0,35,36,251,8.55119,52.40476,5.559524,14.8,0
2021-02-28,14390,1,23,55,0,64,0,8,0,25,11,12,0,0,15,45,0,258,9.205952,54.17262,5.110119,11.4,0
2021-03-07,14447,0,30,16,20,0,10,0,10,0,18,9,26,0,14,55,0,208,10.53036,47.24405,5.43631,2.1,0
2021-03-14,19093,0,20,22,21,0,29,11,0,26,0,19,28,0,48,42,0,266,9.950595,58.90476,5.872619,19.7,0
2021-03-21,6361,0,9,16,27,0,14,19,30,14,32,10,0,0,0,37,0,208,11.65952,39.72024,5.75,6.6,0
2021-03-28,6204,0,21,24,23,0,12,20,0,21,0,0,0,18,50,34,0,223,11.1119,55.21429,6.089286,32.2,0
2021-04-04,6269,0,21,21,32,0,0,20,0,19,100,13,28,32,0,32,0,318,12.19226,54.33333,5.245833,23,0
2021-04-11,8411,0,19,42,0,0,0,0,0,21,0,0,23,0,0,33,0,138,9.579167,66.17262,5.827381,65.1,0
2021-04-18,1850,0,0,26,22,0,0,11,0,0,0,0,0,0,0,16,0,75,14.73274,49.93452,4.967857,4.1,0
2021-04-25,1916,0,9,17,10,0,0,17,0,0,47,0,0,0,0,0,0,100,13.24464,76.51786,4.585714,40.7,0
2021-05-02,1915,0,15,7,0,0,0,18,0,11,0,10,0,0,27,18,0,106,13.10536,72.18452,3.958929,26.4,0
2021-05-09,2480,0,10,0,0,0,0,0,0,15,19,0,39,15,0,7,0,105,14.71548,68.6131,4.002381,12.6,0
2021-05-16,20153,2,17,0,11,0,0,14,0,17,0,0,25,0,0,11,0,95,15.61905,77.23214,4.255357,39.9,0
2021-05-23,20224,3,0,18,18,0,0,41,0,0,0,5,0,0,0,19,14,115,18.00298,80.70833,4.298214,16.3,0
2021-06-06,20217,11,21,7,33,0,0,0,0,26,0,0,0,25,38,12,0,162,16.72202,81.26786,4.005952,30.1,0
2021-06-13,26722,13,0,20,28,0,12,19,0,24,25,25,65,14,0,57,0,289,17.56964,73.3631,4.417857,6.2,0
2021-06-20,26630,0,13,24,31,74,28,16,21,50,21,29,84,22,0,46,0,459,18.86845,73.22024,4.703571,6.5,0
2021-06-27,26630,0,20,14,40,0,0,11,0,15,13,14,0,0,16,62,0,205,18.4,83.79762,4.018452,34.7,0
2021-07-04,26656,16,8,22,27,0,13,18,0,15,0,26,52,0,26,36,0,243,17.95357,91.48214,3.591071,80.2,0
2021-07-11,35340,58,33,34,51,0,14,13,0,31,29,15,31,0,0,32,0,283,18.11548,91.47024,3.486905,166.9,0
2021-07-18,10468,0,18,0,9,100,13,22,0,30,22,0,25,12,16,48,0,315,18.11964,91.59524,3.506548,152.5,0
2021-07-25,10471,0,24,38,24,0,0,11,0,13,0,10,19,23,18,42,0,222,17.69464,90.42262,3.264881,49.1,0
2021-08-01,10466,0,12,19,9,0,14,17,34,15,0,19,0,13,0,23,0,175,17.85,86.65476,3.801786,14.8,0
2021-08-08,13761,0,7,21,20,74,21,12,28,35,0,35,0,0,0,23,0,276,17.41786,85.72024,3.276786,57,0
2021-08-15,13758,21,37,16,16,0,0,0,0,35,0,13,21,16,50,50,0,254,16.49405,89.55952,3.083333,36,0
2021-08-22,13864,35,24,0,28,0,0,27,0,0,0,0,0,0,44,36,0,159,16.57917,89.90476,3.268452,60.3,0
2021-09-05,13858,32,19,34,17,0,9,0,21,21,17,15,0,0,28,60,35,276,16.8131,86.25595,3.533929,18.6,0
2021-09-12,18389,0,41,10,22,66,24,12,0,16,13,7,0,0,0,41,0,252,15.94464,90.02976,3.202381,50.9,0
2021-09-19,17069,4,34,38,20,0,34,22,0,0,17,18,74,0,0,55,0,312,15.80476,86.72024,3.860714,14.3,0
2021-09-26,16925,100,28,0,10,0,15,0,0,47,27,19,19,22,0,52,17,256,15.08095,79.96429,4.219643,0.6,0
2021-10-03,17045,0,26,18,30,0,15,10,0,37,25,17,38,15,0,34,0,265,14.1875,65.1131,4.652976,16.9,0
2021-10-10,22707,0,27,25,23,0,0,18,25,20,25,11,0,22,0,55,0,251,11.91488,80,4.557738,46.5,0
2021-10-17,26139,87,34,24,16,0,19,19,0,0,26,8,0,0,27,31,0,204,7.952976,61.58929,4.791071,0.5,0
2021-10-24,26183,109,28,28,35,0,0,15,0,0,14,15,16,12,26,40,13,242,8.645238,69.79167,4.647619,0,0
2021-11-07,26221,8,21,20,37,0,23,0,0,12,28,30,31,13,53,53,0,321,7.995238,73.85714,4.635714,0,0
2021-11-14,34704,0,32,27,0,0,0,31,0,59,34,31,51,14,55,56,0,390,6.958333,70.8631,4.517857,0,0
2021-11-21,52813,35,29,27,13,0,0,13,17,17,18,12,21,0,20,52,23,262,7.418452,77.5119,4.125,16.4,0.07
2021-11-28,52603,22,17,0,25,0,0,27,0,31,23,25,24,17,0,43,0,232,4.434524,64.25595,4.746429,5.1,0.14
2021-12-05,52720,191,12,0,9,0,0,18,14,24,0,38,54,0,43,16,0,228,1.731548,70.72024,5.116071,5.3,1.96
2021-12-12,70310,46,37,22,30,0,24,23,0,48,18,18,83,29,0,53,0,385,2.295833,63.88095,4.476786,2.1,1.61
2021-12-19,51615,11,21,50,53,0,0,13,13,39,0,21,40,59,22,74,35,440,1.245238,65.85714,4.590476,2.3,0.28
2021-12-26,51535,0,18,37,28,0,0,30,13,48,0,34,36,0,17,57,0,318,2.280952,83.40476,5.77381,59.7,25.34
2022-01-02,51637,112,0,11,15,50,10,15,0,0,0,27,51,50,36,56,0,321,-0.40893,59.20238,6.107738,4.3,10.08
2022-01-09,68540,38,17,9,12,0,0,0,0,19,0,15,33,29,17,42,13,206,1.480357,80.47619,4.667857,16.6,11.83
2022-01-16,48386,43,7,32,15,0,0,0,14,0,37,18,24,0,16,43,0,206,0.555952,80.67857,3.967857,10.7,32.76
2022-01-23,48371,0,33,20,13,56,26,37,0,23,0,27,39,16,0,61,45,396,0.822619,68.07143,4.241667,0.6,2.03
2022-01-30,48377,16,22,0,22,0,13,14,21,52,37,43,44,0,16,60,0,344,2.708333,66.67262,4.133929,1.2,0
2022-02-06,64387,107,24,22,15,0,37,70,0,29,25,28,25,50,22,52,0,399,4.180357,74.86905,4.992262,40.2,6.65
2022-02-13,60278,99,39,21,21,0,0,0,11,41,27,31,40,10,36,63,0,340,5.7625,66.53571,5.094643,8.2,0
2022-02-20,60369,70,40,38,0,0,21,16,20,25,21,24,42,12,31,61,8,359,9.22381,61.16071,4.947024,1.6,0
2022-02-27,60343,0,25,41,17,0,31,29,0,40,10,21,0,22,31,69,0,336,13.37976,66.22024,4.895238,1.6,0
2022-03-06,80228,174,34,44,27,0,38,34,0,44,36,23,26,37,19,80,0,442,12.93869,47.3631,5.344643,0.2,0
2022-03-13,67897,133,33,36,42,0,17,30,0,43,46,36,49,10,18,74,25,459,15.17262,42.28571,5.170833,0,0
2022-03-20,67946,211,36,38,22,0,0,20,0,42,31,44,16,31,55,95,0,430,16.28869,36.78571,5.430357,0.2,0
2022-03-27,67903,159,48,26,28,25,47,46,19,28,23,25,63,11,42,78,0,509,15.27381,46.43452,5.71131,6.9,0
2022-04-03,90075,160,52,28,30,0,21,0,11,36,31,23,71,0,82,100,0,485,15.55595,42.80357,5.5875,5.9,0
2022-04-10,81574,147,39,37,46,0,41,58,0,33,25,54,58,21,65,82,10,569,17.65893,35.94643,5.867857,1.3,0
2022-04-17,81420,225,30,46,50,0,18,23,10,47,39,21,22,12,36,65,0,419,16.33452,55.1131,5.2375,12.3,0
2022-04-24,81471,162,58,32,37,0,48,25,16,36,58,45,70,9,58,100,0,592,18.42798,55.0119,5.890476,5,0
2022-05-01,108352,159,53,22,16,0,22,19,10,81,41,37,56,14,28,93,0,492,18.13869,46.36905,5.775,7.5,0
2022-05-08,89334,185,41,33,26,59,45,33,10,35,38,43,47,24,35,93,0,562,18.94107,43.58333,6.277381,13.3,0
2022-05-15,89440,216,33,34,16,0,41,29,12,92,32,31,100,19,69,76,0,584,21.26607,35.68452,6.216071,0.1,0
2022-05-22,89373,157,37,20,34,39,39,39,21,91,44,66,51,41,33,97,29,681,18.77917,61.05357,4.84881,19.7,0
2022-06-05,118698,112,16,24,26,0,12,20,0,42,63,50,47,0,0,79,0,379,17.19524,70.98214,4.644643,9.3,0
2022-06-12,29690,181,19,22,13,0,27,23,28,61,45,39,72,12,18,71,10,460,18.52619,88.04762,3.532143,116.1,0
2022-06-19,29618,290,16,41,42,0,38,25,0,18,42,55,41,17,59,61,10,465,18.96131,88.76786,3.367857,100.8,0
2022-06-26,29669,260,26,32,29,0,18,22,13,42,35,32,62,0,33,40,9,393,18.30536,87.68452,3.769048,67.8,0
2022-07-03,39365,198,7,29,35,0,0,29,33,45,29,36,23,0,22,48,0,336,18.1256,91.17857,3.354762,82.5,0
2022-07-10,28008,248,21,23,14,0,11,29,0,20,36,47,48,0,25,44,0,318,17.61012,89.61905,3.313095,57.8,0
2022-07-17,27963,262,20,12,12,50,16,15,0,59,10,25,47,12,42,35,0,355,18.35179,86.69048,3.745833,94,0
2022-07-24,28047,256,18,22,25,0,21,55,20,26,35,18,22,0,0,52,21,335,17.56786,90.45833,3.493452,131,0
2022-08-07,37206,413,11,30,15,0,30,18,0,32,22,21,60,10,24,37,0,310,17.63988,90.17857,3.554762,42.1,0
2022-08-14,27443,351,31,21,11,0,28,26,0,35,30,37,35,25,36,38,0,353,17.1631,87.4881,3.62619,31,0
2022-08-21,27502,281,20,13,9,0,0,26,0,15,9,21,15,13,0,57,13,211,16.24583,85.79167,3.945238,8.6,0
2022-08-28,27527,262,13,8,22,0,12,8,0,46,46,32,0,0,18,69,15,289,15.86964,88.02976,3.600595,29.6,0
2022-09-04,36319,249,14,19,19,0,41,28,0,22,27,25,16,30,30,66,0,337,15.64345,89.52976,3.314881,75.5,0
2022-09-11,30716,348,15,19,27,0,9,22,0,45,24,17,16,32,0,82,9,317,14.31548,84.1131,3.935714,10.8,0
2022-09-18,30649,407,29,10,23,0,16,13,16,75,46,24,0,16,25,63,0,356,14.09464,84.28571,3.22381,42.6,0
2022-09-25,30674,401,28,23,31,0,21,19,0,44,9,32,57,14,40,82,0,400,11.66845,82.58929,3.917857,19.9,0
2022-10-02,40747,387,43,37,24,0,25,30,0,49,54,35,37,41,57,84,0,516,10.22857,68.47619,4.364286,1.5,0
2022-10-09,29145,352,25,27,26,0,33,44,0,26,38,7,44,36,0,56,0,362,10.65893,67.01786,4.272024,1.1,0
2022-10-16,29122,402,24,41,43,0,15,20,22,100,18,31,25,36,15,42,11,443,7.868452,60.75595,4.361905,6.9,0
2022-10-23,29118,336,33,30,29,0,22,18,0,58,39,34,23,35,0,63,0,384,6.371429,72.16667,4.009524,9.1,0
2022-11-06,38762,413,42,15,19,0,0,52,0,35,33,35,45,0,42,71,28,417,7.497619,62.35714,4.507143,0,0
2022-11-13,48562,426,26,38,31,0,34,38,0,18,35,29,55,19,14,65,0,402,7.319643,69.55357,3.982738,0.1,0
2022-11-20,48691,386,30,17,0,0,25,33,0,53,44,53,12,23,33,48,0,371,6.40119,59.41667,4.4375,0,0
2022-11-27,48581,421,27,29,35,0,8,22,12,35,41,31,17,14,22,78,0,371,6.195238,56.60119,4.730357,0,0
2022-12-04,64596,448,30,26,26,0,31,11,12,40,9,28,51,0,0,59,0,323,3.699405,63.39286,4.214881,0.7,0